Copyright 1986-2022 Xilinx, Inc. All Rights Reserved. Copyright 2022-2023 Advanced Micro Devices, Inc. All Rights Reserved.
------------------------------------------------------------------------------------------------------------------------------------------------------------------------------------
| Tool Version      : Vivado v.2023.2 (lin64) Build 4029153 Fri Oct 13 20:13:54 MDT 2023
| Date              : Fri Sep 25 17:47:49 2026
| Host              : qohwxv-Lenovo-IdeaPad-S540-15IWL running 64-bit Ubuntu 24.04.5 LTS
| Command           : report_timing_summary -delay_type min_max -max_paths 20 -report_unconstrained -file /home/qohwxv/Downloads/AES_256_main/reports/post_synth_timing_summary.rpt
| Design            : aes256_pipeline_dynamic_key
| Device            : xcvu29p-fsga2577
| Speed File        : -2L  PRODUCTION 1.33 05-09-2022
| Design State      : Synthesized
| Temperature Grade : E
------------------------------------------------------------------------------------------------------------------------------------------------------------------------------------

Timing Summary Report

------------------------------------------------------------------------------------------------
| Timer Settings
| --------------
------------------------------------------------------------------------------------------------

  Enable Multi Corner Analysis               :  Yes
  Enable Pessimism Removal                   :  Yes
  Pessimism Removal Resolution               :  Nearest Common Node
  Enable Input Delay Default Clock           :  No
  Enable Preset / Clear Arcs                 :  No
  Disable Flight Delays                      :  No
  Ignore I/O Paths                           :  No
  Timing Early Launch at Borrowing Latches   :  No
  Borrow Time for Max Delay Exceptions       :  Yes
  Merge Timing Exceptions                    :  Yes
  Inter-SLR Compensation                     :  Conservative

  Corner  Analyze    Analyze    
  Name    Max Paths  Min Paths  
  ------  ---------  ---------  
  Slow    Yes        Yes        
  Fast    Yes        Yes        


------------------------------------------------------------------------------------------------
| Report Methodology
| ------------------
------------------------------------------------------------------------------------------------

No report available as report_methodology has not been run prior. Run report_methodology on the current design for the summary of methodology violations.



check_timing report

Table of Contents
-----------------
1. checking no_clock (0)
2. checking constant_clock (0)
3. checking pulse_width_clock (0)
4. checking unconstrained_internal_endpoints (0)
5. checking no_input_delay (386)
6. checking no_output_delay (129)
7. checking multiple_clock (0)
8. checking generated_clocks (0)
9. checking loops (0)
10. checking partial_input_delay (0)
11. checking partial_output_delay (0)
12. checking latch_loops (0)

1. checking no_clock (0)
------------------------
 There are 0 register/latch pins with no clock.


2. checking constant_clock (0)
------------------------------
 There are 0 register/latch pins with constant_clock.


3. checking pulse_width_clock (0)
---------------------------------
 There are 0 register/latch pins which need pulse_width check


4. checking unconstrained_internal_endpoints (0)
------------------------------------------------
 There are 0 pins that are not constrained for maximum delay.

 There are 0 pins that are not constrained for maximum delay due to constant clock.


5. checking no_input_delay (386)
--------------------------------
 There are 386 input ports with no input delay specified. (HIGH)

 There are 0 input ports with no input delay but user has a false path constraint.


6. checking no_output_delay (129)
---------------------------------
 There are 129 ports with no output delay specified. (HIGH)

 There are 0 ports with no output delay but user has a false path constraint

 There are 0 ports with no output delay but with a timing clock defined on it or propagating through it


7. checking multiple_clock (0)
------------------------------
 There are 0 register/latch pins with multiple clocks.


8. checking generated_clocks (0)
--------------------------------
 There are 0 generated clocks that are not connected to a clock source.


9. checking loops (0)
---------------------
 There are 0 combinational loops in the design.


10. checking partial_input_delay (0)
------------------------------------
 There are 0 input ports with partial input delay specified.


11. checking partial_output_delay (0)
-------------------------------------
 There are 0 ports with partial output delay specified.


12. checking latch_loops (0)
----------------------------
 There are 0 combinational latch loops in the design through latch input



------------------------------------------------------------------------------------------------
| Design Timing Summary
| ---------------------
------------------------------------------------------------------------------------------------

    WNS(ns)      TNS(ns)  TNS Failing Endpoints  TNS Total Endpoints      WHS(ns)      THS(ns)  THS Failing Endpoints  THS Total Endpoints     WPWS(ns)     TPWS(ns)  TPWS Failing Endpoints  TPWS Total Endpoints  
    -------      -------  ---------------------  -------------------      -------      -------  ---------------------  -------------------     --------     --------  ----------------------  --------------------  
     18.786        0.000                      0                 5006       -0.067     -172.252                   4590                 5006        9.725        0.000                       0                  5392  


Timing constraints are not met.


------------------------------------------------------------------------------------------------
| Clock Summary
| -------------
------------------------------------------------------------------------------------------------

Clock  Waveform(ns)       Period(ns)      Frequency(MHz)
-----  ------------       ----------      --------------
clk    {0.000 10.000}     20.000          50.000          


------------------------------------------------------------------------------------------------
| Intra Clock Table
| -----------------
------------------------------------------------------------------------------------------------

Clock             WNS(ns)      TNS(ns)  TNS Failing Endpoints  TNS Total Endpoints      WHS(ns)      THS(ns)  THS Failing Endpoints  THS Total Endpoints     WPWS(ns)     TPWS(ns)  TPWS Failing Endpoints  TPWS Total Endpoints  
-----             -------      -------  ---------------------  -------------------      -------      -------  ---------------------  -------------------     --------     --------  ----------------------  --------------------  
clk                18.786        0.000                      0                 5006       -0.067     -172.252                   4590                 5006        9.725        0.000                       0                  5392  


------------------------------------------------------------------------------------------------
| Inter Clock Table
| -----------------
------------------------------------------------------------------------------------------------

From Clock    To Clock          WNS(ns)      TNS(ns)  TNS Failing Endpoints  TNS Total Endpoints      WHS(ns)      THS(ns)  THS Failing Endpoints  THS Total Endpoints  
----------    --------          -------      -------  ---------------------  -------------------      -------      -------  ---------------------  -------------------  


------------------------------------------------------------------------------------------------
| Other Path Groups Table
| -----------------------
------------------------------------------------------------------------------------------------

Path Group    From Clock    To Clock          WNS(ns)      TNS(ns)  TNS Failing Endpoints  TNS Total Endpoints      WHS(ns)      THS(ns)  THS Failing Endpoints  THS Total Endpoints  
----------    ----------    --------          -------      -------  ---------------------  -------------------      -------      -------  ---------------------  -------------------  


------------------------------------------------------------------------------------------------
| User Ignored Path Table
| -----------------------
------------------------------------------------------------------------------------------------

Path Group    From Clock    To Clock    
----------    ----------    --------    


------------------------------------------------------------------------------------------------
| Unconstrained Path Table
| ------------------------
------------------------------------------------------------------------------------------------

Path Group    From Clock    To Clock    
----------    ----------    --------    
(none)        clk                         
(none)                      clk           


------------------------------------------------------------------------------------------------
| Timing Details
| --------------
------------------------------------------------------------------------------------------------


---------------------------------------------------------------------------------------------------
From Clock:  clk
  To Clock:  clk

Setup :            0  Failing Endpoints,  Worst Slack       18.786ns,  Total Violation        0.000ns
Hold  :         4590  Failing Endpoints,  Worst Slack       -0.067ns,  Total Violation     -172.252ns
PW    :            0  Failing Endpoints,  Worst Slack        9.725ns,  Total Violation        0.000ns
---------------------------------------------------------------------------------------------------


Max Delay Paths
--------------------------------------------------------------------------------------
Slack (MET) :             18.786ns  (required time - arrival time)
  Source:                 pipeline_stage[9].state_reg_reg[9][0]/C
                            (rising edge-triggered cell FDCE clocked by clk  {rise@0.000ns fall@10.000ns period=20.000ns})
  Destination:            pipeline_stage[10].state_reg_reg[10][100]/D
                            (rising edge-triggered cell FDCE clocked by clk  {rise@0.000ns fall@10.000ns period=20.000ns})
  Path Group:             clk
  Path Type:              Setup (Max at Slow Process Corner)
  Requirement:            20.000ns  (clk rise@20.000ns - clk rise@0.000ns)
  Data Path Delay:        1.059ns  (logic 0.516ns (48.725%)  route 0.543ns (51.275%))
  Logic Levels:           4  (LUT6=3 MUXF7=1)
  Clock Path Skew:        -0.145ns (DCD - SCD + CPR)
    Destination Clock Delay (DCD):    2.993ns = ( 22.993 - 20.000 ) 
    Source Clock Delay      (SCD):    3.421ns
    Clock Pessimism Removal (CPR):    0.283ns
  Clock Uncertainty:      0.035ns  ((TSJ^2 + TIJ^2)^1/2 + DJ) / 2 + PE
    Total System Jitter     (TSJ):    0.071ns
    Total Input Jitter      (TIJ):    0.000ns
    Discrete Jitter          (DJ):    0.000ns
    Phase Error              (PE):    0.000ns

    Location             Delay type                Incr(ns)  Path(ns)    Netlist Resource(s)
  -------------------------------------------------------------------    -------------------
                         (clock clk rise edge)        0.000     0.000 r  
                                                      0.000     0.000 r  clk (IN)
                         net (fo=0)                   0.000     0.000    clk_IBUF_inst/I
                         INBUF (Prop_INBUF_PAD_O)     0.533     0.533 r  clk_IBUF_inst/INBUF_INST/O
                         net (fo=1, unplaced)         0.000     0.533    clk_IBUF_inst/OUT
                         IBUFCTRL (Prop_IBUFCTRL_I_O)
                                                      0.000     0.533 r  clk_IBUF_inst/IBUFCTRL_INST/O
                         net (fo=1, unplaced)         0.276     0.809    clk_IBUF
                         BUFGCE (Prop_BUFGCE_I_O)     0.028     0.837 r  clk_IBUF_BUFG_inst/O
                         net (fo=5391, unplaced)      2.584     3.421    clk_IBUF_BUFG
                         FDCE                                         r  pipeline_stage[9].state_reg_reg[9][0]/C
  -------------------------------------------------------------------    -------------------
                         FDCE (Prop_FDCE_C_Q)         0.077     3.498 r  pipeline_stage[9].state_reg_reg[9][0]/Q
                         net (fo=32, unplaced)        0.214     3.712    pipeline_stage[10].u_sub/pipeline_stage[9].state_reg_reg[9][0]
                         LUT6 (Prop_LUT6_I0_O)        0.145     3.857 r  pipeline_stage[10].u_sub/g0_b7__179/O
                         net (fo=1, unplaced)         0.032     3.889    pipeline_stage[10].u_sub/g0_b7__179_n_0
                         MUXF7 (Prop_MUXF7_I0_O)      0.069     3.958 r  pipeline_stage[10].u_sub/pipeline_stage[10].state_reg_reg[10][127]_i_15/O
                         net (fo=3, unplaced)         0.145     4.103    pipeline_stage[10].u_sub/pipeline_stage[10].state_reg_reg[10][127]_i_15_n_0
                         LUT6 (Prop_LUT6_I0_O)        0.100     4.203 r  pipeline_stage[10].u_sub/pipeline_stage[10].state_reg[10][100]_i_2/O
                         net (fo=3, unplaced)         0.104     4.307    pipeline_stage[10].u_sub/pipeline_stage[10].state_reg[10][100]_i_2_n_0
                         LUT6 (Prop_LUT6_I1_O)        0.125     4.432 r  pipeline_stage[10].u_sub/pipeline_stage[10].state_reg[10][100]_i_1/O
                         net (fo=1, unplaced)         0.048     4.480    pipeline_stage[10].round_out[100]
                         FDCE                                         r  pipeline_stage[10].state_reg_reg[10][100]/D
  -------------------------------------------------------------------    -------------------

                         (clock clk rise edge)       20.000    20.000 r  
                                                      0.000    20.000 r  clk (IN)
                         net (fo=0)                   0.000    20.000    clk_IBUF_inst/I
                         INBUF (Prop_INBUF_PAD_O)     0.283    20.283 r  clk_IBUF_inst/INBUF_INST/O
                         net (fo=1, unplaced)         0.000    20.283    clk_IBUF_inst/OUT
                         IBUFCTRL (Prop_IBUFCTRL_I_O)
                                                      0.000    20.283 r  clk_IBUF_inst/IBUFCTRL_INST/O
                         net (fo=1, unplaced)         0.247    20.530    clk_IBUF
                         BUFGCE (Prop_BUFGCE_I_O)     0.024    20.554 r  clk_IBUF_BUFG_inst/O
                         net (fo=5391, unplaced)      2.439    22.993    clk_IBUF_BUFG
                         FDCE                                         r  pipeline_stage[10].state_reg_reg[10][100]/C
                         clock pessimism              0.283    23.276    
                         clock uncertainty           -0.035    23.241    
                         FDCE (Setup_FDCE_C_D)        0.025    23.266    pipeline_stage[10].state_reg_reg[10][100]
  -------------------------------------------------------------------
                         required time                         23.266    
                         arrival time                          -4.480    
  -------------------------------------------------------------------
                         slack                                 18.786    

Slack (MET) :             18.786ns  (required time - arrival time)
  Source:                 pipeline_stage[9].state_reg_reg[9][40]/C
                            (rising edge-triggered cell FDCE clocked by clk  {rise@0.000ns fall@10.000ns period=20.000ns})
  Destination:            pipeline_stage[10].state_reg_reg[10][105]/D
                            (rising edge-triggered cell FDCE clocked by clk  {rise@0.000ns fall@10.000ns period=20.000ns})
  Path Group:             clk
  Path Type:              Setup (Max at Slow Process Corner)
  Requirement:            20.000ns  (clk rise@20.000ns - clk rise@0.000ns)
  Data Path Delay:        1.059ns  (logic 0.516ns (48.725%)  route 0.543ns (51.275%))
  Logic Levels:           4  (LUT6=3 MUXF7=1)
  Clock Path Skew:        -0.145ns (DCD - SCD + CPR)
    Destination Clock Delay (DCD):    2.993ns = ( 22.993 - 20.000 ) 
    Source Clock Delay      (SCD):    3.421ns
    Clock Pessimism Removal (CPR):    0.283ns
  Clock Uncertainty:      0.035ns  ((TSJ^2 + TIJ^2)^1/2 + DJ) / 2 + PE
    Total System Jitter     (TSJ):    0.071ns
    Total Input Jitter      (TIJ):    0.000ns
    Discrete Jitter          (DJ):    0.000ns
    Phase Error              (PE):    0.000ns

    Location             Delay type                Incr(ns)  Path(ns)    Netlist Resource(s)
  -------------------------------------------------------------------    -------------------
                         (clock clk rise edge)        0.000     0.000 r  
                                                      0.000     0.000 r  clk (IN)
                         net (fo=0)                   0.000     0.000    clk_IBUF_inst/I
                         INBUF (Prop_INBUF_PAD_O)     0.533     0.533 r  clk_IBUF_inst/INBUF_INST/O
                         net (fo=1, unplaced)         0.000     0.533    clk_IBUF_inst/OUT
                         IBUFCTRL (Prop_IBUFCTRL_I_O)
                                                      0.000     0.533 r  clk_IBUF_inst/IBUFCTRL_INST/O
                         net (fo=1, unplaced)         0.276     0.809    clk_IBUF
                         BUFGCE (Prop_BUFGCE_I_O)     0.028     0.837 r  clk_IBUF_BUFG_inst/O
                         net (fo=5391, unplaced)      2.584     3.421    clk_IBUF_BUFG
                         FDCE                                         r  pipeline_stage[9].state_reg_reg[9][40]/C
  -------------------------------------------------------------------    -------------------
                         FDCE (Prop_FDCE_C_Q)         0.077     3.498 r  pipeline_stage[9].state_reg_reg[9][40]/Q
                         net (fo=32, unplaced)        0.214     3.712    pipeline_stage[10].u_sub/pipeline_stage[9].state_reg_reg[9][40]
                         LUT6 (Prop_LUT6_I0_O)        0.145     3.857 r  pipeline_stage[10].u_sub/g0_b7__184/O
                         net (fo=1, unplaced)         0.032     3.889    pipeline_stage[10].u_sub/g0_b7__184_n_0
                         MUXF7 (Prop_MUXF7_I0_O)      0.069     3.958 r  pipeline_stage[10].u_sub/p_0_out_inferred__4/pipeline_stage[10].state_reg_reg[10][127]_i_11/O
                         net (fo=3, unplaced)         0.145     4.103    pipeline_stage[10].u_sub/p_0_out_inferred__4/pipeline_stage[10].state_reg_reg[10][127]_i_11_n_0
                         LUT6 (Prop_LUT6_I0_O)        0.100     4.203 r  pipeline_stage[10].u_sub/pipeline_stage[10].state_reg[10][108]_i_3/O
                         net (fo=3, unplaced)         0.104     4.307    pipeline_stage[10].u_sub/pipeline_stage[10].state_reg[10][108]_i_3_n_0
                         LUT6 (Prop_LUT6_I1_O)        0.125     4.432 r  pipeline_stage[10].u_sub/pipeline_stage[10].state_reg[10][105]_i_1/O
                         net (fo=1, unplaced)         0.048     4.480    pipeline_stage[10].round_out[105]
                         FDCE                                         r  pipeline_stage[10].state_reg_reg[10][105]/D
  -------------------------------------------------------------------    -------------------

                         (clock clk rise edge)       20.000    20.000 r  
                                                      0.000    20.000 r  clk (IN)
                         net (fo=0)                   0.000    20.000    clk_IBUF_inst/I
                         INBUF (Prop_INBUF_PAD_O)     0.283    20.283 r  clk_IBUF_inst/INBUF_INST/O
                         net (fo=1, unplaced)         0.000    20.283    clk_IBUF_inst/OUT
                         IBUFCTRL (Prop_IBUFCTRL_I_O)
                                                      0.000    20.283 r  clk_IBUF_inst/IBUFCTRL_INST/O
                         net (fo=1, unplaced)         0.247    20.530    clk_IBUF
                         BUFGCE (Prop_BUFGCE_I_O)     0.024    20.554 r  clk_IBUF_BUFG_inst/O
                         net (fo=5391, unplaced)      2.439    22.993    clk_IBUF_BUFG
                         FDCE                                         r  pipeline_stage[10].state_reg_reg[10][105]/C
                         clock pessimism              0.283    23.276    
                         clock uncertainty           -0.035    23.241    
                         FDCE (Setup_FDCE_C_D)        0.025    23.266    pipeline_stage[10].state_reg_reg[10][105]
  -------------------------------------------------------------------
                         required time                         23.266    
                         arrival time                          -4.480    
  -------------------------------------------------------------------
                         slack                                 18.786    

Slack (MET) :             18.786ns  (required time - arrival time)
  Source:                 pipeline_stage[9].state_reg_reg[9][40]/C
                            (rising edge-triggered cell FDCE clocked by clk  {rise@0.000ns fall@10.000ns period=20.000ns})
  Destination:            pipeline_stage[10].state_reg_reg[10][107]/D
                            (rising edge-triggered cell FDCE clocked by clk  {rise@0.000ns fall@10.000ns period=20.000ns})
  Path Group:             clk
  Path Type:              Setup (Max at Slow Process Corner)
  Requirement:            20.000ns  (clk rise@20.000ns - clk rise@0.000ns)
  Data Path Delay:        1.059ns  (logic 0.516ns (48.725%)  route 0.543ns (51.275%))
  Logic Levels:           4  (LUT6=3 MUXF7=1)
  Clock Path Skew:        -0.145ns (DCD - SCD + CPR)
    Destination Clock Delay (DCD):    2.993ns = ( 22.993 - 20.000 ) 
    Source Clock Delay      (SCD):    3.421ns
    Clock Pessimism Removal (CPR):    0.283ns
  Clock Uncertainty:      0.035ns  ((TSJ^2 + TIJ^2)^1/2 + DJ) / 2 + PE
    Total System Jitter     (TSJ):    0.071ns
    Total Input Jitter      (TIJ):    0.000ns
    Discrete Jitter          (DJ):    0.000ns
    Phase Error              (PE):    0.000ns

    Location             Delay type                Incr(ns)  Path(ns)    Netlist Resource(s)
  -------------------------------------------------------------------    -------------------
                         (clock clk rise edge)        0.000     0.000 r  
                                                      0.000     0.000 r  clk (IN)
                         net (fo=0)                   0.000     0.000    clk_IBUF_inst/I
                         INBUF (Prop_INBUF_PAD_O)     0.533     0.533 r  clk_IBUF_inst/INBUF_INST/O
                         net (fo=1, unplaced)         0.000     0.533    clk_IBUF_inst/OUT
                         IBUFCTRL (Prop_IBUFCTRL_I_O)
                                                      0.000     0.533 r  clk_IBUF_inst/IBUFCTRL_INST/O
                         net (fo=1, unplaced)         0.276     0.809    clk_IBUF
                         BUFGCE (Prop_BUFGCE_I_O)     0.028     0.837 r  clk_IBUF_BUFG_inst/O
                         net (fo=5391, unplaced)      2.584     3.421    clk_IBUF_BUFG
                         FDCE                                         r  pipeline_stage[9].state_reg_reg[9][40]/C
  -------------------------------------------------------------------    -------------------
                         FDCE (Prop_FDCE_C_Q)         0.077     3.498 r  pipeline_stage[9].state_reg_reg[9][40]/Q
                         net (fo=32, unplaced)        0.214     3.712    pipeline_stage[10].u_sub/pipeline_stage[9].state_reg_reg[9][40]
                         LUT6 (Prop_LUT6_I0_O)        0.145     3.857 r  pipeline_stage[10].u_sub/g0_b7__184/O
                         net (fo=1, unplaced)         0.032     3.889    pipeline_stage[10].u_sub/g0_b7__184_n_0
                         MUXF7 (Prop_MUXF7_I0_O)      0.069     3.958 r  pipeline_stage[10].u_sub/p_0_out_inferred__4/pipeline_stage[10].state_reg_reg[10][127]_i_11/O
                         net (fo=3, unplaced)         0.145     4.103    pipeline_stage[10].u_sub/p_0_out_inferred__4/pipeline_stage[10].state_reg_reg[10][127]_i_11_n_0
                         LUT6 (Prop_LUT6_I0_O)        0.100     4.203 r  pipeline_stage[10].u_sub/pipeline_stage[10].state_reg[10][108]_i_3/O
                         net (fo=3, unplaced)         0.104     4.307    pipeline_stage[10].u_sub/pipeline_stage[10].state_reg[10][108]_i_3_n_0
                         LUT6 (Prop_LUT6_I1_O)        0.125     4.432 r  pipeline_stage[10].u_sub/pipeline_stage[10].state_reg[10][107]_i_1/O
                         net (fo=1, unplaced)         0.048     4.480    pipeline_stage[10].round_out[107]
                         FDCE                                         r  pipeline_stage[10].state_reg_reg[10][107]/D
  -------------------------------------------------------------------    -------------------

                         (clock clk rise edge)       20.000    20.000 r  
                                                      0.000    20.000 r  clk (IN)
                         net (fo=0)                   0.000    20.000    clk_IBUF_inst/I
                         INBUF (Prop_INBUF_PAD_O)     0.283    20.283 r  clk_IBUF_inst/INBUF_INST/O
                         net (fo=1, unplaced)         0.000    20.283    clk_IBUF_inst/OUT
                         IBUFCTRL (Prop_IBUFCTRL_I_O)
                                                      0.000    20.283 r  clk_IBUF_inst/IBUFCTRL_INST/O
                         net (fo=1, unplaced)         0.247    20.530    clk_IBUF
                         BUFGCE (Prop_BUFGCE_I_O)     0.024    20.554 r  clk_IBUF_BUFG_inst/O
                         net (fo=5391, unplaced)      2.439    22.993    clk_IBUF_BUFG
                         FDCE                                         r  pipeline_stage[10].state_reg_reg[10][107]/C
                         clock pessimism              0.283    23.276    
                         clock uncertainty           -0.035    23.241    
                         FDCE (Setup_FDCE_C_D)        0.025    23.266    pipeline_stage[10].state_reg_reg[10][107]
  -------------------------------------------------------------------
                         required time                         23.266    
                         arrival time                          -4.480    
  -------------------------------------------------------------------
                         slack                                 18.786    

Slack (MET) :             18.786ns  (required time - arrival time)
  Source:                 pipeline_stage[9].state_reg_reg[9][80]/C
                            (rising edge-triggered cell FDCE clocked by clk  {rise@0.000ns fall@10.000ns period=20.000ns})
  Destination:            pipeline_stage[10].state_reg_reg[10][116]/D
                            (rising edge-triggered cell FDCE clocked by clk  {rise@0.000ns fall@10.000ns period=20.000ns})
  Path Group:             clk
  Path Type:              Setup (Max at Slow Process Corner)
  Requirement:            20.000ns  (clk rise@20.000ns - clk rise@0.000ns)
  Data Path Delay:        1.059ns  (logic 0.516ns (48.725%)  route 0.543ns (51.275%))
  Logic Levels:           4  (LUT6=3 MUXF7=1)
  Clock Path Skew:        -0.145ns (DCD - SCD + CPR)
    Destination Clock Delay (DCD):    2.993ns = ( 22.993 - 20.000 ) 
    Source Clock Delay      (SCD):    3.421ns
    Clock Pessimism Removal (CPR):    0.283ns
  Clock Uncertainty:      0.035ns  ((TSJ^2 + TIJ^2)^1/2 + DJ) / 2 + PE
    Total System Jitter     (TSJ):    0.071ns
    Total Input Jitter      (TIJ):    0.000ns
    Discrete Jitter          (DJ):    0.000ns
    Phase Error              (PE):    0.000ns

    Location             Delay type                Incr(ns)  Path(ns)    Netlist Resource(s)
  -------------------------------------------------------------------    -------------------
                         (clock clk rise edge)        0.000     0.000 r  
                                                      0.000     0.000 r  clk (IN)
                         net (fo=0)                   0.000     0.000    clk_IBUF_inst/I
                         INBUF (Prop_INBUF_PAD_O)     0.533     0.533 r  clk_IBUF_inst/INBUF_INST/O
                         net (fo=1, unplaced)         0.000     0.533    clk_IBUF_inst/OUT
                         IBUFCTRL (Prop_IBUFCTRL_I_O)
                                                      0.000     0.533 r  clk_IBUF_inst/IBUFCTRL_INST/O
                         net (fo=1, unplaced)         0.276     0.809    clk_IBUF
                         BUFGCE (Prop_BUFGCE_I_O)     0.028     0.837 r  clk_IBUF_BUFG_inst/O
                         net (fo=5391, unplaced)      2.584     3.421    clk_IBUF_BUFG
                         FDCE                                         r  pipeline_stage[9].state_reg_reg[9][80]/C
  -------------------------------------------------------------------    -------------------
                         FDCE (Prop_FDCE_C_Q)         0.077     3.498 r  pipeline_stage[9].state_reg_reg[9][80]/Q
                         net (fo=32, unplaced)        0.214     3.712    pipeline_stage[10].u_sub/pipeline_stage[9].state_reg_reg[9][80]
                         LUT6 (Prop_LUT6_I0_O)        0.145     3.857 r  pipeline_stage[10].u_sub/g0_b7__189/O
                         net (fo=1, unplaced)         0.032     3.889    pipeline_stage[10].u_sub/g0_b7__189_n_0
                         MUXF7 (Prop_MUXF7_I0_O)      0.069     3.958 r  pipeline_stage[10].u_sub/p_0_out_inferred__9/pipeline_stage[10].state_reg_reg[10][127]_i_13/O
                         net (fo=3, unplaced)         0.145     4.103    pipeline_stage[10].u_sub/p_0_out_inferred__9/pipeline_stage[10].state_reg_reg[10][127]_i_13_n_0
                         LUT6 (Prop_LUT6_I0_O)        0.100     4.203 r  pipeline_stage[10].u_sub/pipeline_stage[10].state_reg[10][116]_i_2/O
                         net (fo=3, unplaced)         0.104     4.307    pipeline_stage[10].u_sub/pipeline_stage[10].state_reg[10][116]_i_2_n_0
                         LUT6 (Prop_LUT6_I1_O)        0.125     4.432 r  pipeline_stage[10].u_sub/pipeline_stage[10].state_reg[10][116]_i_1/O
                         net (fo=1, unplaced)         0.048     4.480    pipeline_stage[10].round_out[116]
                         FDCE                                         r  pipeline_stage[10].state_reg_reg[10][116]/D
  -------------------------------------------------------------------    -------------------

                         (clock clk rise edge)       20.000    20.000 r  
                                                      0.000    20.000 r  clk (IN)
                         net (fo=0)                   0.000    20.000    clk_IBUF_inst/I
                         INBUF (Prop_INBUF_PAD_O)     0.283    20.283 r  clk_IBUF_inst/INBUF_INST/O
                         net (fo=1, unplaced)         0.000    20.283    clk_IBUF_inst/OUT
                         IBUFCTRL (Prop_IBUFCTRL_I_O)
                                                      0.000    20.283 r  clk_IBUF_inst/IBUFCTRL_INST/O
                         net (fo=1, unplaced)         0.247    20.530    clk_IBUF
                         BUFGCE (Prop_BUFGCE_I_O)     0.024    20.554 r  clk_IBUF_BUFG_inst/O
                         net (fo=5391, unplaced)      2.439    22.993    clk_IBUF_BUFG
                         FDCE                                         r  pipeline_stage[10].state_reg_reg[10][116]/C
                         clock pessimism              0.283    23.276    
                         clock uncertainty           -0.035    23.241    
                         FDCE (Setup_FDCE_C_D)        0.025    23.266    pipeline_stage[10].state_reg_reg[10][116]
  -------------------------------------------------------------------
                         required time                         23.266    
                         arrival time                          -4.480    
  -------------------------------------------------------------------
                         slack                                 18.786    

Slack (MET) :             18.786ns  (required time - arrival time)
  Source:                 pipeline_stage[9].state_reg_reg[9][72]/C
                            (rising edge-triggered cell FDCE clocked by clk  {rise@0.000ns fall@10.000ns period=20.000ns})
  Destination:            pipeline_stage[10].state_reg_reg[10][11]/D
                            (rising edge-triggered cell FDCE clocked by clk  {rise@0.000ns fall@10.000ns period=20.000ns})
  Path Group:             clk
  Path Type:              Setup (Max at Slow Process Corner)
  Requirement:            20.000ns  (clk rise@20.000ns - clk rise@0.000ns)
  Data Path Delay:        1.059ns  (logic 0.516ns (48.725%)  route 0.543ns (51.275%))
  Logic Levels:           4  (LUT6=3 MUXF7=1)
  Clock Path Skew:        -0.145ns (DCD - SCD + CPR)
    Destination Clock Delay (DCD):    2.993ns = ( 22.993 - 20.000 ) 
    Source Clock Delay      (SCD):    3.421ns
    Clock Pessimism Removal (CPR):    0.283ns
  Clock Uncertainty:      0.035ns  ((TSJ^2 + TIJ^2)^1/2 + DJ) / 2 + PE
    Total System Jitter     (TSJ):    0.071ns
    Total Input Jitter      (TIJ):    0.000ns
    Discrete Jitter          (DJ):    0.000ns
    Phase Error              (PE):    0.000ns

    Location             Delay type                Incr(ns)  Path(ns)    Netlist Resource(s)
  -------------------------------------------------------------------    -------------------
                         (clock clk rise edge)        0.000     0.000 r  
                                                      0.000     0.000 r  clk (IN)
                         net (fo=0)                   0.000     0.000    clk_IBUF_inst/I
                         INBUF (Prop_INBUF_PAD_O)     0.533     0.533 r  clk_IBUF_inst/INBUF_INST/O
                         net (fo=1, unplaced)         0.000     0.533    clk_IBUF_inst/OUT
                         IBUFCTRL (Prop_IBUFCTRL_I_O)
                                                      0.000     0.533 r  clk_IBUF_inst/IBUFCTRL_INST/O
                         net (fo=1, unplaced)         0.276     0.809    clk_IBUF
                         BUFGCE (Prop_BUFGCE_I_O)     0.028     0.837 r  clk_IBUF_BUFG_inst/O
                         net (fo=5391, unplaced)      2.584     3.421    clk_IBUF_BUFG
                         FDCE                                         r  pipeline_stage[9].state_reg_reg[9][72]/C
  -------------------------------------------------------------------    -------------------
                         FDCE (Prop_FDCE_C_Q)         0.077     3.498 r  pipeline_stage[9].state_reg_reg[9][72]/Q
                         net (fo=32, unplaced)        0.214     3.712    pipeline_stage[10].u_sub/pipeline_stage[9].state_reg_reg[9][72]
                         LUT6 (Prop_LUT6_I0_O)        0.145     3.857 r  pipeline_stage[10].u_sub/g0_b7__188/O
                         net (fo=1, unplaced)         0.032     3.889    pipeline_stage[10].u_sub/g0_b7__188_n_0
                         MUXF7 (Prop_MUXF7_I0_O)      0.069     3.958 r  pipeline_stage[10].u_sub/p_0_out_inferred__8/pipeline_stage[10].state_reg_reg[10][31]_i_7/O
                         net (fo=3, unplaced)         0.145     4.103    pipeline_stage[10].u_sub/p_0_out_inferred__8/pipeline_stage[10].state_reg_reg[10][31]_i_7_n_0
                         LUT6 (Prop_LUT6_I0_O)        0.100     4.203 r  pipeline_stage[10].u_sub/pipeline_stage[10].state_reg[10][12]_i_3/O
                         net (fo=3, unplaced)         0.104     4.307    pipeline_stage[10].u_sub/pipeline_stage[10].state_reg[10][12]_i_3_n_0
                         LUT6 (Prop_LUT6_I1_O)        0.125     4.432 r  pipeline_stage[10].u_sub/pipeline_stage[10].state_reg[10][11]_i_1/O
                         net (fo=1, unplaced)         0.048     4.480    pipeline_stage[10].round_out[11]
                         FDCE                                         r  pipeline_stage[10].state_reg_reg[10][11]/D
  -------------------------------------------------------------------    -------------------

                         (clock clk rise edge)       20.000    20.000 r  
                                                      0.000    20.000 r  clk (IN)
                         net (fo=0)                   0.000    20.000    clk_IBUF_inst/I
                         INBUF (Prop_INBUF_PAD_O)     0.283    20.283 r  clk_IBUF_inst/INBUF_INST/O
                         net (fo=1, unplaced)         0.000    20.283    clk_IBUF_inst/OUT
                         IBUFCTRL (Prop_IBUFCTRL_I_O)
                                                      0.000    20.283 r  clk_IBUF_inst/IBUFCTRL_INST/O
                         net (fo=1, unplaced)         0.247    20.530    clk_IBUF
                         BUFGCE (Prop_BUFGCE_I_O)     0.024    20.554 r  clk_IBUF_BUFG_inst/O
                         net (fo=5391, unplaced)      2.439    22.993    clk_IBUF_BUFG
                         FDCE                                         r  pipeline_stage[10].state_reg_reg[10][11]/C
                         clock pessimism              0.283    23.276    
                         clock uncertainty           -0.035    23.241    
                         FDCE (Setup_FDCE_C_D)        0.025    23.266    pipeline_stage[10].state_reg_reg[10][11]
  -------------------------------------------------------------------
                         required time                         23.266    
                         arrival time                          -4.480    
  -------------------------------------------------------------------
                         slack                                 18.786    

Slack (MET) :             18.786ns  (required time - arrival time)
  Source:                 pipeline_stage[9].state_reg_reg[9][80]/C
                            (rising edge-triggered cell FDCE clocked by clk  {rise@0.000ns fall@10.000ns period=20.000ns})
  Destination:            pipeline_stage[10].state_reg_reg[10][121]/D
                            (rising edge-triggered cell FDCE clocked by clk  {rise@0.000ns fall@10.000ns period=20.000ns})
  Path Group:             clk
  Path Type:              Setup (Max at Slow Process Corner)
  Requirement:            20.000ns  (clk rise@20.000ns - clk rise@0.000ns)
  Data Path Delay:        1.059ns  (logic 0.516ns (48.725%)  route 0.543ns (51.275%))
  Logic Levels:           4  (LUT6=3 MUXF7=1)
  Clock Path Skew:        -0.145ns (DCD - SCD + CPR)
    Destination Clock Delay (DCD):    2.993ns = ( 22.993 - 20.000 ) 
    Source Clock Delay      (SCD):    3.421ns
    Clock Pessimism Removal (CPR):    0.283ns
  Clock Uncertainty:      0.035ns  ((TSJ^2 + TIJ^2)^1/2 + DJ) / 2 + PE
    Total System Jitter     (TSJ):    0.071ns
    Total Input Jitter      (TIJ):    0.000ns
    Discrete Jitter          (DJ):    0.000ns
    Phase Error              (PE):    0.000ns

    Location             Delay type                Incr(ns)  Path(ns)    Netlist Resource(s)
  -------------------------------------------------------------------    -------------------
                         (clock clk rise edge)        0.000     0.000 r  
                                                      0.000     0.000 r  clk (IN)
                         net (fo=0)                   0.000     0.000    clk_IBUF_inst/I
                         INBUF (Prop_INBUF_PAD_O)     0.533     0.533 r  clk_IBUF_inst/INBUF_INST/O
                         net (fo=1, unplaced)         0.000     0.533    clk_IBUF_inst/OUT
                         IBUFCTRL (Prop_IBUFCTRL_I_O)
                                                      0.000     0.533 r  clk_IBUF_inst/IBUFCTRL_INST/O
                         net (fo=1, unplaced)         0.276     0.809    clk_IBUF
                         BUFGCE (Prop_BUFGCE_I_O)     0.028     0.837 r  clk_IBUF_BUFG_inst/O
                         net (fo=5391, unplaced)      2.584     3.421    clk_IBUF_BUFG
                         FDCE                                         r  pipeline_stage[9].state_reg_reg[9][80]/C
  -------------------------------------------------------------------    -------------------
                         FDCE (Prop_FDCE_C_Q)         0.077     3.498 r  pipeline_stage[9].state_reg_reg[9][80]/Q
                         net (fo=32, unplaced)        0.214     3.712    pipeline_stage[10].u_sub/pipeline_stage[9].state_reg_reg[9][80]
                         LUT6 (Prop_LUT6_I0_O)        0.145     3.857 r  pipeline_stage[10].u_sub/g0_b7__189/O
                         net (fo=1, unplaced)         0.032     3.889    pipeline_stage[10].u_sub/g0_b7__189_n_0
                         MUXF7 (Prop_MUXF7_I0_O)      0.069     3.958 r  pipeline_stage[10].u_sub/p_0_out_inferred__9/pipeline_stage[10].state_reg_reg[10][127]_i_13/O
                         net (fo=3, unplaced)         0.145     4.103    pipeline_stage[10].u_sub/p_0_out_inferred__9/pipeline_stage[10].state_reg_reg[10][127]_i_13_n_0
                         LUT6 (Prop_LUT6_I0_O)        0.100     4.203 r  pipeline_stage[10].u_sub/pipeline_stage[10].state_reg[10][124]_i_5/O
                         net (fo=3, unplaced)         0.104     4.307    pipeline_stage[10].u_sub/pipeline_stage[10].state_reg[10][124]_i_5_n_0
                         LUT6 (Prop_LUT6_I1_O)        0.125     4.432 r  pipeline_stage[10].u_sub/pipeline_stage[10].state_reg[10][121]_i_1/O
                         net (fo=1, unplaced)         0.048     4.480    pipeline_stage[10].round_out[121]
                         FDCE                                         r  pipeline_stage[10].state_reg_reg[10][121]/D
  -------------------------------------------------------------------    -------------------

                         (clock clk rise edge)       20.000    20.000 r  
                                                      0.000    20.000 r  clk (IN)
                         net (fo=0)                   0.000    20.000    clk_IBUF_inst/I
                         INBUF (Prop_INBUF_PAD_O)     0.283    20.283 r  clk_IBUF_inst/INBUF_INST/O
                         net (fo=1, unplaced)         0.000    20.283    clk_IBUF_inst/OUT
                         IBUFCTRL (Prop_IBUFCTRL_I_O)
                                                      0.000    20.283 r  clk_IBUF_inst/IBUFCTRL_INST/O
                         net (fo=1, unplaced)         0.247    20.530    clk_IBUF
                         BUFGCE (Prop_BUFGCE_I_O)     0.024    20.554 r  clk_IBUF_BUFG_inst/O
                         net (fo=5391, unplaced)      2.439    22.993    clk_IBUF_BUFG
                         FDCE                                         r  pipeline_stage[10].state_reg_reg[10][121]/C
                         clock pessimism              0.283    23.276    
                         clock uncertainty           -0.035    23.241    
                         FDCE (Setup_FDCE_C_D)        0.025    23.266    pipeline_stage[10].state_reg_reg[10][121]
  -------------------------------------------------------------------
                         required time                         23.266    
                         arrival time                          -4.480    
  -------------------------------------------------------------------
                         slack                                 18.786    

Slack (MET) :             18.786ns  (required time - arrival time)
  Source:                 pipeline_stage[9].state_reg_reg[9][80]/C
                            (rising edge-triggered cell FDCE clocked by clk  {rise@0.000ns fall@10.000ns period=20.000ns})
  Destination:            pipeline_stage[10].state_reg_reg[10][123]/D
                            (rising edge-triggered cell FDCE clocked by clk  {rise@0.000ns fall@10.000ns period=20.000ns})
  Path Group:             clk
  Path Type:              Setup (Max at Slow Process Corner)
  Requirement:            20.000ns  (clk rise@20.000ns - clk rise@0.000ns)
  Data Path Delay:        1.059ns  (logic 0.516ns (48.725%)  route 0.543ns (51.275%))
  Logic Levels:           4  (LUT6=3 MUXF7=1)
  Clock Path Skew:        -0.145ns (DCD - SCD + CPR)
    Destination Clock Delay (DCD):    2.993ns = ( 22.993 - 20.000 ) 
    Source Clock Delay      (SCD):    3.421ns
    Clock Pessimism Removal (CPR):    0.283ns
  Clock Uncertainty:      0.035ns  ((TSJ^2 + TIJ^2)^1/2 + DJ) / 2 + PE
    Total System Jitter     (TSJ):    0.071ns
    Total Input Jitter      (TIJ):    0.000ns
    Discrete Jitter          (DJ):    0.000ns
    Phase Error              (PE):    0.000ns

    Location             Delay type                Incr(ns)  Path(ns)    Netlist Resource(s)
  -------------------------------------------------------------------    -------------------
                         (clock clk rise edge)        0.000     0.000 r  
                                                      0.000     0.000 r  clk (IN)
                         net (fo=0)                   0.000     0.000    clk_IBUF_inst/I
                         INBUF (Prop_INBUF_PAD_O)     0.533     0.533 r  clk_IBUF_inst/INBUF_INST/O
                         net (fo=1, unplaced)         0.000     0.533    clk_IBUF_inst/OUT
                         IBUFCTRL (Prop_IBUFCTRL_I_O)
                                                      0.000     0.533 r  clk_IBUF_inst/IBUFCTRL_INST/O
                         net (fo=1, unplaced)         0.276     0.809    clk_IBUF
                         BUFGCE (Prop_BUFGCE_I_O)     0.028     0.837 r  clk_IBUF_BUFG_inst/O
                         net (fo=5391, unplaced)      2.584     3.421    clk_IBUF_BUFG
                         FDCE                                         r  pipeline_stage[9].state_reg_reg[9][80]/C
  -------------------------------------------------------------------    -------------------
                         FDCE (Prop_FDCE_C_Q)         0.077     3.498 r  pipeline_stage[9].state_reg_reg[9][80]/Q
                         net (fo=32, unplaced)        0.214     3.712    pipeline_stage[10].u_sub/pipeline_stage[9].state_reg_reg[9][80]
                         LUT6 (Prop_LUT6_I0_O)        0.145     3.857 r  pipeline_stage[10].u_sub/g0_b7__189/O
                         net (fo=1, unplaced)         0.032     3.889    pipeline_stage[10].u_sub/g0_b7__189_n_0
                         MUXF7 (Prop_MUXF7_I0_O)      0.069     3.958 r  pipeline_stage[10].u_sub/p_0_out_inferred__9/pipeline_stage[10].state_reg_reg[10][127]_i_13/O
                         net (fo=3, unplaced)         0.145     4.103    pipeline_stage[10].u_sub/p_0_out_inferred__9/pipeline_stage[10].state_reg_reg[10][127]_i_13_n_0
                         LUT6 (Prop_LUT6_I0_O)        0.100     4.203 r  pipeline_stage[10].u_sub/pipeline_stage[10].state_reg[10][124]_i_5/O
                         net (fo=3, unplaced)         0.104     4.307    pipeline_stage[10].u_sub/pipeline_stage[10].state_reg[10][124]_i_5_n_0
                         LUT6 (Prop_LUT6_I1_O)        0.125     4.432 r  pipeline_stage[10].u_sub/pipeline_stage[10].state_reg[10][123]_i_1/O
                         net (fo=1, unplaced)         0.048     4.480    pipeline_stage[10].round_out[123]
                         FDCE                                         r  pipeline_stage[10].state_reg_reg[10][123]/D
  -------------------------------------------------------------------    -------------------

                         (clock clk rise edge)       20.000    20.000 r  
                                                      0.000    20.000 r  clk (IN)
                         net (fo=0)                   0.000    20.000    clk_IBUF_inst/I
                         INBUF (Prop_INBUF_PAD_O)     0.283    20.283 r  clk_IBUF_inst/INBUF_INST/O
                         net (fo=1, unplaced)         0.000    20.283    clk_IBUF_inst/OUT
                         IBUFCTRL (Prop_IBUFCTRL_I_O)
                                                      0.000    20.283 r  clk_IBUF_inst/IBUFCTRL_INST/O
                         net (fo=1, unplaced)         0.247    20.530    clk_IBUF
                         BUFGCE (Prop_BUFGCE_I_O)     0.024    20.554 r  clk_IBUF_BUFG_inst/O
                         net (fo=5391, unplaced)      2.439    22.993    clk_IBUF_BUFG
                         FDCE                                         r  pipeline_stage[10].state_reg_reg[10][123]/C
                         clock pessimism              0.283    23.276    
                         clock uncertainty           -0.035    23.241    
                         FDCE (Setup_FDCE_C_D)        0.025    23.266    pipeline_stage[10].state_reg_reg[10][123]
  -------------------------------------------------------------------
                         required time                         23.266    
                         arrival time                          -4.480    
  -------------------------------------------------------------------
                         slack                                 18.786    

Slack (MET) :             18.786ns  (required time - arrival time)
  Source:                 pipeline_stage[9].state_reg_reg[9][112]/C
                            (rising edge-triggered cell FDCE clocked by clk  {rise@0.000ns fall@10.000ns period=20.000ns})
  Destination:            pipeline_stage[10].state_reg_reg[10][20]/D
                            (rising edge-triggered cell FDCE clocked by clk  {rise@0.000ns fall@10.000ns period=20.000ns})
  Path Group:             clk
  Path Type:              Setup (Max at Slow Process Corner)
  Requirement:            20.000ns  (clk rise@20.000ns - clk rise@0.000ns)
  Data Path Delay:        1.059ns  (logic 0.516ns (48.725%)  route 0.543ns (51.275%))
  Logic Levels:           4  (LUT6=3 MUXF7=1)
  Clock Path Skew:        -0.145ns (DCD - SCD + CPR)
    Destination Clock Delay (DCD):    2.993ns = ( 22.993 - 20.000 ) 
    Source Clock Delay      (SCD):    3.421ns
    Clock Pessimism Removal (CPR):    0.283ns
  Clock Uncertainty:      0.035ns  ((TSJ^2 + TIJ^2)^1/2 + DJ) / 2 + PE
    Total System Jitter     (TSJ):    0.071ns
    Total Input Jitter      (TIJ):    0.000ns
    Discrete Jitter          (DJ):    0.000ns
    Phase Error              (PE):    0.000ns

    Location             Delay type                Incr(ns)  Path(ns)    Netlist Resource(s)
  -------------------------------------------------------------------    -------------------
                         (clock clk rise edge)        0.000     0.000 r  
                                                      0.000     0.000 r  clk (IN)
                         net (fo=0)                   0.000     0.000    clk_IBUF_inst/I
                         INBUF (Prop_INBUF_PAD_O)     0.533     0.533 r  clk_IBUF_inst/INBUF_INST/O
                         net (fo=1, unplaced)         0.000     0.533    clk_IBUF_inst/OUT
                         IBUFCTRL (Prop_IBUFCTRL_I_O)
                                                      0.000     0.533 r  clk_IBUF_inst/IBUFCTRL_INST/O
                         net (fo=1, unplaced)         0.276     0.809    clk_IBUF
                         BUFGCE (Prop_BUFGCE_I_O)     0.028     0.837 r  clk_IBUF_BUFG_inst/O
                         net (fo=5391, unplaced)      2.584     3.421    clk_IBUF_BUFG
                         FDCE                                         r  pipeline_stage[9].state_reg_reg[9][112]/C
  -------------------------------------------------------------------    -------------------
                         FDCE (Prop_FDCE_C_Q)         0.077     3.498 r  pipeline_stage[9].state_reg_reg[9][112]/Q
                         net (fo=32, unplaced)        0.214     3.712    pipeline_stage[10].u_sub/pipeline_stage[9].state_reg_reg[9][112]
                         LUT6 (Prop_LUT6_I0_O)        0.145     3.857 r  pipeline_stage[10].u_sub/g0_b7__193/O
                         net (fo=1, unplaced)         0.032     3.889    pipeline_stage[10].u_sub/g0_b7__193_n_0
                         MUXF7 (Prop_MUXF7_I0_O)      0.069     3.958 r  pipeline_stage[10].u_sub/p_0_out_inferred__13/pipeline_stage[10].state_reg_reg[10][31]_i_9/O
                         net (fo=3, unplaced)         0.145     4.103    pipeline_stage[10].u_sub/p_0_out_inferred__13/pipeline_stage[10].state_reg_reg[10][31]_i_9_n_0
                         LUT6 (Prop_LUT6_I0_O)        0.100     4.203 r  pipeline_stage[10].u_sub/pipeline_stage[10].state_reg[10][20]_i_2/O
                         net (fo=3, unplaced)         0.104     4.307    pipeline_stage[10].u_sub/pipeline_stage[10].state_reg[10][20]_i_2_n_0
                         LUT6 (Prop_LUT6_I1_O)        0.125     4.432 r  pipeline_stage[10].u_sub/pipeline_stage[10].state_reg[10][20]_i_1/O
                         net (fo=1, unplaced)         0.048     4.480    pipeline_stage[10].round_out[20]
                         FDCE                                         r  pipeline_stage[10].state_reg_reg[10][20]/D
  -------------------------------------------------------------------    -------------------

                         (clock clk rise edge)       20.000    20.000 r  
                                                      0.000    20.000 r  clk (IN)
                         net (fo=0)                   0.000    20.000    clk_IBUF_inst/I
                         INBUF (Prop_INBUF_PAD_O)     0.283    20.283 r  clk_IBUF_inst/INBUF_INST/O
                         net (fo=1, unplaced)         0.000    20.283    clk_IBUF_inst/OUT
                         IBUFCTRL (Prop_IBUFCTRL_I_O)
                                                      0.000    20.283 r  clk_IBUF_inst/IBUFCTRL_INST/O
                         net (fo=1, unplaced)         0.247    20.530    clk_IBUF
                         BUFGCE (Prop_BUFGCE_I_O)     0.024    20.554 r  clk_IBUF_BUFG_inst/O
                         net (fo=5391, unplaced)      2.439    22.993    clk_IBUF_BUFG
                         FDCE                                         r  pipeline_stage[10].state_reg_reg[10][20]/C
                         clock pessimism              0.283    23.276    
                         clock uncertainty           -0.035    23.241    
                         FDCE (Setup_FDCE_C_D)        0.025    23.266    pipeline_stage[10].state_reg_reg[10][20]
  -------------------------------------------------------------------
                         required time                         23.266    
                         arrival time                          -4.480    
  -------------------------------------------------------------------
                         slack                                 18.786    

Slack (MET) :             18.786ns  (required time - arrival time)
  Source:                 pipeline_stage[9].state_reg_reg[9][112]/C
                            (rising edge-triggered cell FDCE clocked by clk  {rise@0.000ns fall@10.000ns period=20.000ns})
  Destination:            pipeline_stage[10].state_reg_reg[10][25]/D
                            (rising edge-triggered cell FDCE clocked by clk  {rise@0.000ns fall@10.000ns period=20.000ns})
  Path Group:             clk
  Path Type:              Setup (Max at Slow Process Corner)
  Requirement:            20.000ns  (clk rise@20.000ns - clk rise@0.000ns)
  Data Path Delay:        1.059ns  (logic 0.516ns (48.725%)  route 0.543ns (51.275%))
  Logic Levels:           4  (LUT6=3 MUXF7=1)
  Clock Path Skew:        -0.145ns (DCD - SCD + CPR)
    Destination Clock Delay (DCD):    2.993ns = ( 22.993 - 20.000 ) 
    Source Clock Delay      (SCD):    3.421ns
    Clock Pessimism Removal (CPR):    0.283ns
  Clock Uncertainty:      0.035ns  ((TSJ^2 + TIJ^2)^1/2 + DJ) / 2 + PE
    Total System Jitter     (TSJ):    0.071ns
    Total Input Jitter      (TIJ):    0.000ns
    Discrete Jitter          (DJ):    0.000ns
    Phase Error              (PE):    0.000ns

    Location             Delay type                Incr(ns)  Path(ns)    Netlist Resource(s)
  -------------------------------------------------------------------    -------------------
                         (clock clk rise edge)        0.000     0.000 r  
                                                      0.000     0.000 r  clk (IN)
                         net (fo=0)                   0.000     0.000    clk_IBUF_inst/I
                         INBUF (Prop_INBUF_PAD_O)     0.533     0.533 r  clk_IBUF_inst/INBUF_INST/O
                         net (fo=1, unplaced)         0.000     0.533    clk_IBUF_inst/OUT
                         IBUFCTRL (Prop_IBUFCTRL_I_O)
                                                      0.000     0.533 r  clk_IBUF_inst/IBUFCTRL_INST/O
                         net (fo=1, unplaced)         0.276     0.809    clk_IBUF
                         BUFGCE (Prop_BUFGCE_I_O)     0.028     0.837 r  clk_IBUF_BUFG_inst/O
                         net (fo=5391, unplaced)      2.584     3.421    clk_IBUF_BUFG
                         FDCE                                         r  pipeline_stage[9].state_reg_reg[9][112]/C
  -------------------------------------------------------------------    -------------------
                         FDCE (Prop_FDCE_C_Q)         0.077     3.498 r  pipeline_stage[9].state_reg_reg[9][112]/Q
                         net (fo=32, unplaced)        0.214     3.712    pipeline_stage[10].u_sub/pipeline_stage[9].state_reg_reg[9][112]
                         LUT6 (Prop_LUT6_I0_O)        0.145     3.857 r  pipeline_stage[10].u_sub/g0_b7__193/O
                         net (fo=1, unplaced)         0.032     3.889    pipeline_stage[10].u_sub/g0_b7__193_n_0
                         MUXF7 (Prop_MUXF7_I0_O)      0.069     3.958 r  pipeline_stage[10].u_sub/p_0_out_inferred__13/pipeline_stage[10].state_reg_reg[10][31]_i_9/O
                         net (fo=3, unplaced)         0.145     4.103    pipeline_stage[10].u_sub/p_0_out_inferred__13/pipeline_stage[10].state_reg_reg[10][31]_i_9_n_0
                         LUT6 (Prop_LUT6_I0_O)        0.100     4.203 r  pipeline_stage[10].u_sub/pipeline_stage[10].state_reg[10][28]_i_5/O
                         net (fo=3, unplaced)         0.104     4.307    pipeline_stage[10].u_sub/pipeline_stage[10].state_reg[10][28]_i_5_n_0
                         LUT6 (Prop_LUT6_I1_O)        0.125     4.432 r  pipeline_stage[10].u_sub/pipeline_stage[10].state_reg[10][25]_i_1/O
                         net (fo=1, unplaced)         0.048     4.480    pipeline_stage[10].round_out[25]
                         FDCE                                         r  pipeline_stage[10].state_reg_reg[10][25]/D
  -------------------------------------------------------------------    -------------------

                         (clock clk rise edge)       20.000    20.000 r  
                                                      0.000    20.000 r  clk (IN)
                         net (fo=0)                   0.000    20.000    clk_IBUF_inst/I
                         INBUF (Prop_INBUF_PAD_O)     0.283    20.283 r  clk_IBUF_inst/INBUF_INST/O
                         net (fo=1, unplaced)         0.000    20.283    clk_IBUF_inst/OUT
                         IBUFCTRL (Prop_IBUFCTRL_I_O)
                                                      0.000    20.283 r  clk_IBUF_inst/IBUFCTRL_INST/O
                         net (fo=1, unplaced)         0.247    20.530    clk_IBUF
                         BUFGCE (Prop_BUFGCE_I_O)     0.024    20.554 r  clk_IBUF_BUFG_inst/O
                         net (fo=5391, unplaced)      2.439    22.993    clk_IBUF_BUFG
                         FDCE                                         r  pipeline_stage[10].state_reg_reg[10][25]/C
                         clock pessimism              0.283    23.276    
                         clock uncertainty           -0.035    23.241    
                         FDCE (Setup_FDCE_C_D)        0.025    23.266    pipeline_stage[10].state_reg_reg[10][25]
  -------------------------------------------------------------------
                         required time                         23.266    
                         arrival time                          -4.480    
  -------------------------------------------------------------------
                         slack                                 18.786    

Slack (MET) :             18.786ns  (required time - arrival time)
  Source:                 pipeline_stage[9].state_reg_reg[9][112]/C
                            (rising edge-triggered cell FDCE clocked by clk  {rise@0.000ns fall@10.000ns period=20.000ns})
  Destination:            pipeline_stage[10].state_reg_reg[10][27]/D
                            (rising edge-triggered cell FDCE clocked by clk  {rise@0.000ns fall@10.000ns period=20.000ns})
  Path Group:             clk
  Path Type:              Setup (Max at Slow Process Corner)
  Requirement:            20.000ns  (clk rise@20.000ns - clk rise@0.000ns)
  Data Path Delay:        1.059ns  (logic 0.516ns (48.725%)  route 0.543ns (51.275%))
  Logic Levels:           4  (LUT6=3 MUXF7=1)
  Clock Path Skew:        -0.145ns (DCD - SCD + CPR)
    Destination Clock Delay (DCD):    2.993ns = ( 22.993 - 20.000 ) 
    Source Clock Delay      (SCD):    3.421ns
    Clock Pessimism Removal (CPR):    0.283ns
  Clock Uncertainty:      0.035ns  ((TSJ^2 + TIJ^2)^1/2 + DJ) / 2 + PE
    Total System Jitter     (TSJ):    0.071ns
    Total Input Jitter      (TIJ):    0.000ns
    Discrete Jitter          (DJ):    0.000ns
    Phase Error              (PE):    0.000ns

    Location             Delay type                Incr(ns)  Path(ns)    Netlist Resource(s)
  -------------------------------------------------------------------    -------------------
                         (clock clk rise edge)        0.000     0.000 r  
                                                      0.000     0.000 r  clk (IN)
                         net (fo=0)                   0.000     0.000    clk_IBUF_inst/I
                         INBUF (Prop_INBUF_PAD_O)     0.533     0.533 r  clk_IBUF_inst/INBUF_INST/O
                         net (fo=1, unplaced)         0.000     0.533    clk_IBUF_inst/OUT
                         IBUFCTRL (Prop_IBUFCTRL_I_O)
                                                      0.000     0.533 r  clk_IBUF_inst/IBUFCTRL_INST/O
                         net (fo=1, unplaced)         0.276     0.809    clk_IBUF
                         BUFGCE (Prop_BUFGCE_I_O)     0.028     0.837 r  clk_IBUF_BUFG_inst/O
                         net (fo=5391, unplaced)      2.584     3.421    clk_IBUF_BUFG
                         FDCE                                         r  pipeline_stage[9].state_reg_reg[9][112]/C
  -------------------------------------------------------------------    -------------------
                         FDCE (Prop_FDCE_C_Q)         0.077     3.498 r  pipeline_stage[9].state_reg_reg[9][112]/Q
                         net (fo=32, unplaced)        0.214     3.712    pipeline_stage[10].u_sub/pipeline_stage[9].state_reg_reg[9][112]
                         LUT6 (Prop_LUT6_I0_O)        0.145     3.857 r  pipeline_stage[10].u_sub/g0_b7__193/O
                         net (fo=1, unplaced)         0.032     3.889    pipeline_stage[10].u_sub/g0_b7__193_n_0
                         MUXF7 (Prop_MUXF7_I0_O)      0.069     3.958 r  pipeline_stage[10].u_sub/p_0_out_inferred__13/pipeline_stage[10].state_reg_reg[10][31]_i_9/O
                         net (fo=3, unplaced)         0.145     4.103    pipeline_stage[10].u_sub/p_0_out_inferred__13/pipeline_stage[10].state_reg_reg[10][31]_i_9_n_0
                         LUT6 (Prop_LUT6_I0_O)        0.100     4.203 r  pipeline_stage[10].u_sub/pipeline_stage[10].state_reg[10][28]_i_5/O
                         net (fo=3, unplaced)         0.104     4.307    pipeline_stage[10].u_sub/pipeline_stage[10].state_reg[10][28]_i_5_n_0
                         LUT6 (Prop_LUT6_I1_O)        0.125     4.432 r  pipeline_stage[10].u_sub/pipeline_stage[10].state_reg[10][27]_i_1/O
                         net (fo=1, unplaced)         0.048     4.480    pipeline_stage[10].round_out[27]
                         FDCE                                         r  pipeline_stage[10].state_reg_reg[10][27]/D
  -------------------------------------------------------------------    -------------------

                         (clock clk rise edge)       20.000    20.000 r  
                                                      0.000    20.000 r  clk (IN)
                         net (fo=0)                   0.000    20.000    clk_IBUF_inst/I
                         INBUF (Prop_INBUF_PAD_O)     0.283    20.283 r  clk_IBUF_inst/INBUF_INST/O
                         net (fo=1, unplaced)         0.000    20.283    clk_IBUF_inst/OUT
                         IBUFCTRL (Prop_IBUFCTRL_I_O)
                                                      0.000    20.283 r  clk_IBUF_inst/IBUFCTRL_INST/O
                         net (fo=1, unplaced)         0.247    20.530    clk_IBUF
                         BUFGCE (Prop_BUFGCE_I_O)     0.024    20.554 r  clk_IBUF_BUFG_inst/O
                         net (fo=5391, unplaced)      2.439    22.993    clk_IBUF_BUFG
                         FDCE                                         r  pipeline_stage[10].state_reg_reg[10][27]/C
                         clock pessimism              0.283    23.276    
                         clock uncertainty           -0.035    23.241    
                         FDCE (Setup_FDCE_C_D)        0.025    23.266    pipeline_stage[10].state_reg_reg[10][27]
  -------------------------------------------------------------------
                         required time                         23.266    
                         arrival time                          -4.480    
  -------------------------------------------------------------------
                         slack                                 18.786    

Slack (MET) :             18.786ns  (required time - arrival time)
  Source:                 pipeline_stage[9].state_reg_reg[9][64]/C
                            (rising edge-triggered cell FDCE clocked by clk  {rise@0.000ns fall@10.000ns period=20.000ns})
  Destination:            pipeline_stage[10].state_reg_reg[10][36]/D
                            (rising edge-triggered cell FDCE clocked by clk  {rise@0.000ns fall@10.000ns period=20.000ns})
  Path Group:             clk
  Path Type:              Setup (Max at Slow Process Corner)
  Requirement:            20.000ns  (clk rise@20.000ns - clk rise@0.000ns)
  Data Path Delay:        1.059ns  (logic 0.516ns (48.725%)  route 0.543ns (51.275%))
  Logic Levels:           4  (LUT6=3 MUXF7=1)
  Clock Path Skew:        -0.145ns (DCD - SCD + CPR)
    Destination Clock Delay (DCD):    2.993ns = ( 22.993 - 20.000 ) 
    Source Clock Delay      (SCD):    3.421ns
    Clock Pessimism Removal (CPR):    0.283ns
  Clock Uncertainty:      0.035ns  ((TSJ^2 + TIJ^2)^1/2 + DJ) / 2 + PE
    Total System Jitter     (TSJ):    0.071ns
    Total Input Jitter      (TIJ):    0.000ns
    Discrete Jitter          (DJ):    0.000ns
    Phase Error              (PE):    0.000ns

    Location             Delay type                Incr(ns)  Path(ns)    Netlist Resource(s)
  -------------------------------------------------------------------    -------------------
                         (clock clk rise edge)        0.000     0.000 r  
                                                      0.000     0.000 r  clk (IN)
                         net (fo=0)                   0.000     0.000    clk_IBUF_inst/I
                         INBUF (Prop_INBUF_PAD_O)     0.533     0.533 r  clk_IBUF_inst/INBUF_INST/O
                         net (fo=1, unplaced)         0.000     0.533    clk_IBUF_inst/OUT
                         IBUFCTRL (Prop_IBUFCTRL_I_O)
                                                      0.000     0.533 r  clk_IBUF_inst/IBUFCTRL_INST/O
                         net (fo=1, unplaced)         0.276     0.809    clk_IBUF
                         BUFGCE (Prop_BUFGCE_I_O)     0.028     0.837 r  clk_IBUF_BUFG_inst/O
                         net (fo=5391, unplaced)      2.584     3.421    clk_IBUF_BUFG
                         FDCE                                         r  pipeline_stage[9].state_reg_reg[9][64]/C
  -------------------------------------------------------------------    -------------------
                         FDCE (Prop_FDCE_C_Q)         0.077     3.498 r  pipeline_stage[9].state_reg_reg[9][64]/Q
                         net (fo=32, unplaced)        0.214     3.712    pipeline_stage[10].u_sub/pipeline_stage[9].state_reg_reg[9][64]
                         LUT6 (Prop_LUT6_I0_O)        0.145     3.857 r  pipeline_stage[10].u_sub/g0_b7__187/O
                         net (fo=1, unplaced)         0.032     3.889    pipeline_stage[10].u_sub/g0_b7__187_n_0
                         MUXF7 (Prop_MUXF7_I0_O)      0.069     3.958 r  pipeline_stage[10].u_sub/p_0_out_inferred__7/pipeline_stage[10].state_reg_reg[10][63]_i_15/O
                         net (fo=3, unplaced)         0.145     4.103    pipeline_stage[10].u_sub/p_0_out_inferred__7/pipeline_stage[10].state_reg_reg[10][63]_i_15_n_0
                         LUT6 (Prop_LUT6_I0_O)        0.100     4.203 r  pipeline_stage[10].u_sub/pipeline_stage[10].state_reg[10][36]_i_2/O
                         net (fo=3, unplaced)         0.104     4.307    pipeline_stage[10].u_sub/pipeline_stage[10].state_reg[10][36]_i_2_n_0
                         LUT6 (Prop_LUT6_I1_O)        0.125     4.432 r  pipeline_stage[10].u_sub/pipeline_stage[10].state_reg[10][36]_i_1/O
                         net (fo=1, unplaced)         0.048     4.480    pipeline_stage[10].round_out[36]
                         FDCE                                         r  pipeline_stage[10].state_reg_reg[10][36]/D
  -------------------------------------------------------------------    -------------------

                         (clock clk rise edge)       20.000    20.000 r  
                                                      0.000    20.000 r  clk (IN)
                         net (fo=0)                   0.000    20.000    clk_IBUF_inst/I
                         INBUF (Prop_INBUF_PAD_O)     0.283    20.283 r  clk_IBUF_inst/INBUF_INST/O
                         net (fo=1, unplaced)         0.000    20.283    clk_IBUF_inst/OUT
                         IBUFCTRL (Prop_IBUFCTRL_I_O)
                                                      0.000    20.283 r  clk_IBUF_inst/IBUFCTRL_INST/O
                         net (fo=1, unplaced)         0.247    20.530    clk_IBUF
                         BUFGCE (Prop_BUFGCE_I_O)     0.024    20.554 r  clk_IBUF_BUFG_inst/O
                         net (fo=5391, unplaced)      2.439    22.993    clk_IBUF_BUFG
                         FDCE                                         r  pipeline_stage[10].state_reg_reg[10][36]/C
                         clock pessimism              0.283    23.276    
                         clock uncertainty           -0.035    23.241    
                         FDCE (Setup_FDCE_C_D)        0.025    23.266    pipeline_stage[10].state_reg_reg[10][36]
  -------------------------------------------------------------------
                         required time                         23.266    
                         arrival time                          -4.480    
  -------------------------------------------------------------------
                         slack                                 18.786    

Slack (MET) :             18.786ns  (required time - arrival time)
  Source:                 pipeline_stage[9].state_reg_reg[9][104]/C
                            (rising edge-triggered cell FDCE clocked by clk  {rise@0.000ns fall@10.000ns period=20.000ns})
  Destination:            pipeline_stage[10].state_reg_reg[10][41]/D
                            (rising edge-triggered cell FDCE clocked by clk  {rise@0.000ns fall@10.000ns period=20.000ns})
  Path Group:             clk
  Path Type:              Setup (Max at Slow Process Corner)
  Requirement:            20.000ns  (clk rise@20.000ns - clk rise@0.000ns)
  Data Path Delay:        1.059ns  (logic 0.516ns (48.725%)  route 0.543ns (51.275%))
  Logic Levels:           4  (LUT6=3 MUXF7=1)
  Clock Path Skew:        -0.145ns (DCD - SCD + CPR)
    Destination Clock Delay (DCD):    2.993ns = ( 22.993 - 20.000 ) 
    Source Clock Delay      (SCD):    3.421ns
    Clock Pessimism Removal (CPR):    0.283ns
  Clock Uncertainty:      0.035ns  ((TSJ^2 + TIJ^2)^1/2 + DJ) / 2 + PE
    Total System Jitter     (TSJ):    0.071ns
    Total Input Jitter      (TIJ):    0.000ns
    Discrete Jitter          (DJ):    0.000ns
    Phase Error              (PE):    0.000ns

    Location             Delay type                Incr(ns)  Path(ns)    Netlist Resource(s)
  -------------------------------------------------------------------    -------------------
                         (clock clk rise edge)        0.000     0.000 r  
                                                      0.000     0.000 r  clk (IN)
                         net (fo=0)                   0.000     0.000    clk_IBUF_inst/I
                         INBUF (Prop_INBUF_PAD_O)     0.533     0.533 r  clk_IBUF_inst/INBUF_INST/O
                         net (fo=1, unplaced)         0.000     0.533    clk_IBUF_inst/OUT
                         IBUFCTRL (Prop_IBUFCTRL_I_O)
                                                      0.000     0.533 r  clk_IBUF_inst/IBUFCTRL_INST/O
                         net (fo=1, unplaced)         0.276     0.809    clk_IBUF
                         BUFGCE (Prop_BUFGCE_I_O)     0.028     0.837 r  clk_IBUF_BUFG_inst/O
                         net (fo=5391, unplaced)      2.584     3.421    clk_IBUF_BUFG
                         FDCE                                         r  pipeline_stage[9].state_reg_reg[9][104]/C
  -------------------------------------------------------------------    -------------------
                         FDCE (Prop_FDCE_C_Q)         0.077     3.498 r  pipeline_stage[9].state_reg_reg[9][104]/Q
                         net (fo=32, unplaced)        0.214     3.712    pipeline_stage[10].u_sub/pipeline_stage[9].state_reg_reg[9][104]
                         LUT6 (Prop_LUT6_I0_O)        0.145     3.857 r  pipeline_stage[10].u_sub/g0_b7__192/O
                         net (fo=1, unplaced)         0.032     3.889    pipeline_stage[10].u_sub/g0_b7__192_n_0
                         MUXF7 (Prop_MUXF7_I0_O)      0.069     3.958 r  pipeline_stage[10].u_sub/p_0_out_inferred__12/pipeline_stage[10].state_reg_reg[10][63]_i_7/O
                         net (fo=3, unplaced)         0.145     4.103    pipeline_stage[10].u_sub/p_0_out_inferred__12/pipeline_stage[10].state_reg_reg[10][63]_i_7_n_0
                         LUT6 (Prop_LUT6_I0_O)        0.100     4.203 r  pipeline_stage[10].u_sub/pipeline_stage[10].state_reg[10][44]_i_2/O
                         net (fo=3, unplaced)         0.104     4.307    pipeline_stage[10].u_sub/pipeline_stage[10].state_reg[10][44]_i_2_n_0
                         LUT6 (Prop_LUT6_I1_O)        0.125     4.432 r  pipeline_stage[10].u_sub/pipeline_stage[10].state_reg[10][41]_i_1/O
                         net (fo=1, unplaced)         0.048     4.480    pipeline_stage[10].round_out[41]
                         FDCE                                         r  pipeline_stage[10].state_reg_reg[10][41]/D
  -------------------------------------------------------------------    -------------------

                         (clock clk rise edge)       20.000    20.000 r  
                                                      0.000    20.000 r  clk (IN)
                         net (fo=0)                   0.000    20.000    clk_IBUF_inst/I
                         INBUF (Prop_INBUF_PAD_O)     0.283    20.283 r  clk_IBUF_inst/INBUF_INST/O
                         net (fo=1, unplaced)         0.000    20.283    clk_IBUF_inst/OUT
                         IBUFCTRL (Prop_IBUFCTRL_I_O)
                                                      0.000    20.283 r  clk_IBUF_inst/IBUFCTRL_INST/O
                         net (fo=1, unplaced)         0.247    20.530    clk_IBUF
                         BUFGCE (Prop_BUFGCE_I_O)     0.024    20.554 r  clk_IBUF_BUFG_inst/O
                         net (fo=5391, unplaced)      2.439    22.993    clk_IBUF_BUFG
                         FDCE                                         r  pipeline_stage[10].state_reg_reg[10][41]/C
                         clock pessimism              0.283    23.276    
                         clock uncertainty           -0.035    23.241    
                         FDCE (Setup_FDCE_C_D)        0.025    23.266    pipeline_stage[10].state_reg_reg[10][41]
  -------------------------------------------------------------------
                         required time                         23.266    
                         arrival time                          -4.480    
  -------------------------------------------------------------------
                         slack                                 18.786    

Slack (MET) :             18.786ns  (required time - arrival time)
  Source:                 pipeline_stage[9].state_reg_reg[9][104]/C
                            (rising edge-triggered cell FDCE clocked by clk  {rise@0.000ns fall@10.000ns period=20.000ns})
  Destination:            pipeline_stage[10].state_reg_reg[10][43]/D
                            (rising edge-triggered cell FDCE clocked by clk  {rise@0.000ns fall@10.000ns period=20.000ns})
  Path Group:             clk
  Path Type:              Setup (Max at Slow Process Corner)
  Requirement:            20.000ns  (clk rise@20.000ns - clk rise@0.000ns)
  Data Path Delay:        1.059ns  (logic 0.516ns (48.725%)  route 0.543ns (51.275%))
  Logic Levels:           4  (LUT6=3 MUXF7=1)
  Clock Path Skew:        -0.145ns (DCD - SCD + CPR)
    Destination Clock Delay (DCD):    2.993ns = ( 22.993 - 20.000 ) 
    Source Clock Delay      (SCD):    3.421ns
    Clock Pessimism Removal (CPR):    0.283ns
  Clock Uncertainty:      0.035ns  ((TSJ^2 + TIJ^2)^1/2 + DJ) / 2 + PE
    Total System Jitter     (TSJ):    0.071ns
    Total Input Jitter      (TIJ):    0.000ns
    Discrete Jitter          (DJ):    0.000ns
    Phase Error              (PE):    0.000ns

    Location             Delay type                Incr(ns)  Path(ns)    Netlist Resource(s)
  -------------------------------------------------------------------    -------------------
                         (clock clk rise edge)        0.000     0.000 r  
                                                      0.000     0.000 r  clk (IN)
                         net (fo=0)                   0.000     0.000    clk_IBUF_inst/I
                         INBUF (Prop_INBUF_PAD_O)     0.533     0.533 r  clk_IBUF_inst/INBUF_INST/O
                         net (fo=1, unplaced)         0.000     0.533    clk_IBUF_inst/OUT
                         IBUFCTRL (Prop_IBUFCTRL_I_O)
                                                      0.000     0.533 r  clk_IBUF_inst/IBUFCTRL_INST/O
                         net (fo=1, unplaced)         0.276     0.809    clk_IBUF
                         BUFGCE (Prop_BUFGCE_I_O)     0.028     0.837 r  clk_IBUF_BUFG_inst/O
                         net (fo=5391, unplaced)      2.584     3.421    clk_IBUF_BUFG
                         FDCE                                         r  pipeline_stage[9].state_reg_reg[9][104]/C
  -------------------------------------------------------------------    -------------------
                         FDCE (Prop_FDCE_C_Q)         0.077     3.498 r  pipeline_stage[9].state_reg_reg[9][104]/Q
                         net (fo=32, unplaced)        0.214     3.712    pipeline_stage[10].u_sub/pipeline_stage[9].state_reg_reg[9][104]
                         LUT6 (Prop_LUT6_I0_O)        0.145     3.857 r  pipeline_stage[10].u_sub/g0_b7__192/O
                         net (fo=1, unplaced)         0.032     3.889    pipeline_stage[10].u_sub/g0_b7__192_n_0
                         MUXF7 (Prop_MUXF7_I0_O)      0.069     3.958 r  pipeline_stage[10].u_sub/p_0_out_inferred__12/pipeline_stage[10].state_reg_reg[10][63]_i_7/O
                         net (fo=3, unplaced)         0.145     4.103    pipeline_stage[10].u_sub/p_0_out_inferred__12/pipeline_stage[10].state_reg_reg[10][63]_i_7_n_0
                         LUT6 (Prop_LUT6_I0_O)        0.100     4.203 r  pipeline_stage[10].u_sub/pipeline_stage[10].state_reg[10][44]_i_2/O
                         net (fo=3, unplaced)         0.104     4.307    pipeline_stage[10].u_sub/pipeline_stage[10].state_reg[10][44]_i_2_n_0
                         LUT6 (Prop_LUT6_I1_O)        0.125     4.432 r  pipeline_stage[10].u_sub/pipeline_stage[10].state_reg[10][43]_i_1/O
                         net (fo=1, unplaced)         0.048     4.480    pipeline_stage[10].round_out[43]
                         FDCE                                         r  pipeline_stage[10].state_reg_reg[10][43]/D
  -------------------------------------------------------------------    -------------------

                         (clock clk rise edge)       20.000    20.000 r  
                                                      0.000    20.000 r  clk (IN)
                         net (fo=0)                   0.000    20.000    clk_IBUF_inst/I
                         INBUF (Prop_INBUF_PAD_O)     0.283    20.283 r  clk_IBUF_inst/INBUF_INST/O
                         net (fo=1, unplaced)         0.000    20.283    clk_IBUF_inst/OUT
                         IBUFCTRL (Prop_IBUFCTRL_I_O)
                                                      0.000    20.283 r  clk_IBUF_inst/IBUFCTRL_INST/O
                         net (fo=1, unplaced)         0.247    20.530    clk_IBUF
                         BUFGCE (Prop_BUFGCE_I_O)     0.024    20.554 r  clk_IBUF_BUFG_inst/O
                         net (fo=5391, unplaced)      2.439    22.993    clk_IBUF_BUFG
                         FDCE                                         r  pipeline_stage[10].state_reg_reg[10][43]/C
                         clock pessimism              0.283    23.276    
                         clock uncertainty           -0.035    23.241    
                         FDCE (Setup_FDCE_C_D)        0.025    23.266    pipeline_stage[10].state_reg_reg[10][43]
  -------------------------------------------------------------------
                         required time                         23.266    
                         arrival time                          -4.480    
  -------------------------------------------------------------------
                         slack                                 18.786    

Slack (MET) :             18.786ns  (required time - arrival time)
  Source:                 pipeline_stage[9].state_reg_reg[9][32]/C
                            (rising edge-triggered cell FDCE clocked by clk  {rise@0.000ns fall@10.000ns period=20.000ns})
  Destination:            pipeline_stage[10].state_reg_reg[10][4]/D
                            (rising edge-triggered cell FDCE clocked by clk  {rise@0.000ns fall@10.000ns period=20.000ns})
  Path Group:             clk
  Path Type:              Setup (Max at Slow Process Corner)
  Requirement:            20.000ns  (clk rise@20.000ns - clk rise@0.000ns)
  Data Path Delay:        1.059ns  (logic 0.516ns (48.725%)  route 0.543ns (51.275%))
  Logic Levels:           4  (LUT6=3 MUXF7=1)
  Clock Path Skew:        -0.145ns (DCD - SCD + CPR)
    Destination Clock Delay (DCD):    2.993ns = ( 22.993 - 20.000 ) 
    Source Clock Delay      (SCD):    3.421ns
    Clock Pessimism Removal (CPR):    0.283ns
  Clock Uncertainty:      0.035ns  ((TSJ^2 + TIJ^2)^1/2 + DJ) / 2 + PE
    Total System Jitter     (TSJ):    0.071ns
    Total Input Jitter      (TIJ):    0.000ns
    Discrete Jitter          (DJ):    0.000ns
    Phase Error              (PE):    0.000ns

    Location             Delay type                Incr(ns)  Path(ns)    Netlist Resource(s)
  -------------------------------------------------------------------    -------------------
                         (clock clk rise edge)        0.000     0.000 r  
                                                      0.000     0.000 r  clk (IN)
                         net (fo=0)                   0.000     0.000    clk_IBUF_inst/I
                         INBUF (Prop_INBUF_PAD_O)     0.533     0.533 r  clk_IBUF_inst/INBUF_INST/O
                         net (fo=1, unplaced)         0.000     0.533    clk_IBUF_inst/OUT
                         IBUFCTRL (Prop_IBUFCTRL_I_O)
                                                      0.000     0.533 r  clk_IBUF_inst/IBUFCTRL_INST/O
                         net (fo=1, unplaced)         0.276     0.809    clk_IBUF
                         BUFGCE (Prop_BUFGCE_I_O)     0.028     0.837 r  clk_IBUF_BUFG_inst/O
                         net (fo=5391, unplaced)      2.584     3.421    clk_IBUF_BUFG
                         FDCE                                         r  pipeline_stage[9].state_reg_reg[9][32]/C
  -------------------------------------------------------------------    -------------------
                         FDCE (Prop_FDCE_C_Q)         0.077     3.498 r  pipeline_stage[9].state_reg_reg[9][32]/Q
                         net (fo=32, unplaced)        0.214     3.712    pipeline_stage[10].u_sub/pipeline_stage[9].state_reg_reg[9][32]
                         LUT6 (Prop_LUT6_I0_O)        0.145     3.857 r  pipeline_stage[10].u_sub/g0_b7__183/O
                         net (fo=1, unplaced)         0.032     3.889    pipeline_stage[10].u_sub/g0_b7__183_n_0
                         MUXF7 (Prop_MUXF7_I0_O)      0.069     3.958 r  pipeline_stage[10].u_sub/p_0_out_inferred__3/pipeline_stage[10].state_reg_reg[10][31]_i_15/O
                         net (fo=3, unplaced)         0.145     4.103    pipeline_stage[10].u_sub/p_0_out_inferred__3/pipeline_stage[10].state_reg_reg[10][31]_i_15_n_0
                         LUT6 (Prop_LUT6_I0_O)        0.100     4.203 r  pipeline_stage[10].u_sub/pipeline_stage[10].state_reg[10][4]_i_2/O
                         net (fo=3, unplaced)         0.104     4.307    pipeline_stage[10].u_sub/pipeline_stage[10].state_reg[10][4]_i_2_n_0
                         LUT6 (Prop_LUT6_I1_O)        0.125     4.432 r  pipeline_stage[10].u_sub/pipeline_stage[10].state_reg[10][4]_i_1/O
                         net (fo=1, unplaced)         0.048     4.480    pipeline_stage[10].round_out[4]
                         FDCE                                         r  pipeline_stage[10].state_reg_reg[10][4]/D
  -------------------------------------------------------------------    -------------------

                         (clock clk rise edge)       20.000    20.000 r  
                                                      0.000    20.000 r  clk (IN)
                         net (fo=0)                   0.000    20.000    clk_IBUF_inst/I
                         INBUF (Prop_INBUF_PAD_O)     0.283    20.283 r  clk_IBUF_inst/INBUF_INST/O
                         net (fo=1, unplaced)         0.000    20.283    clk_IBUF_inst/OUT
                         IBUFCTRL (Prop_IBUFCTRL_I_O)
                                                      0.000    20.283 r  clk_IBUF_inst/IBUFCTRL_INST/O
                         net (fo=1, unplaced)         0.247    20.530    clk_IBUF
                         BUFGCE (Prop_BUFGCE_I_O)     0.024    20.554 r  clk_IBUF_BUFG_inst/O
                         net (fo=5391, unplaced)      2.439    22.993    clk_IBUF_BUFG
                         FDCE                                         r  pipeline_stage[10].state_reg_reg[10][4]/C
                         clock pessimism              0.283    23.276    
                         clock uncertainty           -0.035    23.241    
                         FDCE (Setup_FDCE_C_D)        0.025    23.266    pipeline_stage[10].state_reg_reg[10][4]
  -------------------------------------------------------------------
                         required time                         23.266    
                         arrival time                          -4.480    
  -------------------------------------------------------------------
                         slack                                 18.786    

Slack (MET) :             18.786ns  (required time - arrival time)
  Source:                 pipeline_stage[9].state_reg_reg[9][16]/C
                            (rising edge-triggered cell FDCE clocked by clk  {rise@0.000ns fall@10.000ns period=20.000ns})
  Destination:            pipeline_stage[10].state_reg_reg[10][52]/D
                            (rising edge-triggered cell FDCE clocked by clk  {rise@0.000ns fall@10.000ns period=20.000ns})
  Path Group:             clk
  Path Type:              Setup (Max at Slow Process Corner)
  Requirement:            20.000ns  (clk rise@20.000ns - clk rise@0.000ns)
  Data Path Delay:        1.059ns  (logic 0.516ns (48.725%)  route 0.543ns (51.275%))
  Logic Levels:           4  (LUT6=3 MUXF7=1)
  Clock Path Skew:        -0.145ns (DCD - SCD + CPR)
    Destination Clock Delay (DCD):    2.993ns = ( 22.993 - 20.000 ) 
    Source Clock Delay      (SCD):    3.421ns
    Clock Pessimism Removal (CPR):    0.283ns
  Clock Uncertainty:      0.035ns  ((TSJ^2 + TIJ^2)^1/2 + DJ) / 2 + PE
    Total System Jitter     (TSJ):    0.071ns
    Total Input Jitter      (TIJ):    0.000ns
    Discrete Jitter          (DJ):    0.000ns
    Phase Error              (PE):    0.000ns

    Location             Delay type                Incr(ns)  Path(ns)    Netlist Resource(s)
  -------------------------------------------------------------------    -------------------
                         (clock clk rise edge)        0.000     0.000 r  
                                                      0.000     0.000 r  clk (IN)
                         net (fo=0)                   0.000     0.000    clk_IBUF_inst/I
                         INBUF (Prop_INBUF_PAD_O)     0.533     0.533 r  clk_IBUF_inst/INBUF_INST/O
                         net (fo=1, unplaced)         0.000     0.533    clk_IBUF_inst/OUT
                         IBUFCTRL (Prop_IBUFCTRL_I_O)
                                                      0.000     0.533 r  clk_IBUF_inst/IBUFCTRL_INST/O
                         net (fo=1, unplaced)         0.276     0.809    clk_IBUF
                         BUFGCE (Prop_BUFGCE_I_O)     0.028     0.837 r  clk_IBUF_BUFG_inst/O
                         net (fo=5391, unplaced)      2.584     3.421    clk_IBUF_BUFG
                         FDCE                                         r  pipeline_stage[9].state_reg_reg[9][16]/C
  -------------------------------------------------------------------    -------------------
                         FDCE (Prop_FDCE_C_Q)         0.077     3.498 r  pipeline_stage[9].state_reg_reg[9][16]/Q
                         net (fo=32, unplaced)        0.214     3.712    pipeline_stage[10].u_sub/pipeline_stage[9].state_reg_reg[9][16]
                         LUT6 (Prop_LUT6_I0_O)        0.145     3.857 r  pipeline_stage[10].u_sub/g0_b7__181/O
                         net (fo=1, unplaced)         0.032     3.889    pipeline_stage[10].u_sub/g0_b7__181_n_0
                         MUXF7 (Prop_MUXF7_I0_O)      0.069     3.958 r  pipeline_stage[10].u_sub/p_0_out_inferred__1/pipeline_stage[10].state_reg_reg[10][63]_i_9/O
                         net (fo=3, unplaced)         0.145     4.103    pipeline_stage[10].u_sub/p_0_out_inferred__1/pipeline_stage[10].state_reg_reg[10][63]_i_9_n_0
                         LUT6 (Prop_LUT6_I0_O)        0.100     4.203 r  pipeline_stage[10].u_sub/pipeline_stage[10].state_reg[10][52]_i_2/O
                         net (fo=3, unplaced)         0.104     4.307    pipeline_stage[10].u_sub/pipeline_stage[10].state_reg[10][52]_i_2_n_0
                         LUT6 (Prop_LUT6_I1_O)        0.125     4.432 r  pipeline_stage[10].u_sub/pipeline_stage[10].state_reg[10][52]_i_1/O
                         net (fo=1, unplaced)         0.048     4.480    pipeline_stage[10].round_out[52]
                         FDCE                                         r  pipeline_stage[10].state_reg_reg[10][52]/D
  -------------------------------------------------------------------    -------------------

                         (clock clk rise edge)       20.000    20.000 r  
                                                      0.000    20.000 r  clk (IN)
                         net (fo=0)                   0.000    20.000    clk_IBUF_inst/I
                         INBUF (Prop_INBUF_PAD_O)     0.283    20.283 r  clk_IBUF_inst/INBUF_INST/O
                         net (fo=1, unplaced)         0.000    20.283    clk_IBUF_inst/OUT
                         IBUFCTRL (Prop_IBUFCTRL_I_O)
                                                      0.000    20.283 r  clk_IBUF_inst/IBUFCTRL_INST/O
                         net (fo=1, unplaced)         0.247    20.530    clk_IBUF
                         BUFGCE (Prop_BUFGCE_I_O)     0.024    20.554 r  clk_IBUF_BUFG_inst/O
                         net (fo=5391, unplaced)      2.439    22.993    clk_IBUF_BUFG
                         FDCE                                         r  pipeline_stage[10].state_reg_reg[10][52]/C
                         clock pessimism              0.283    23.276    
                         clock uncertainty           -0.035    23.241    
                         FDCE (Setup_FDCE_C_D)        0.025    23.266    pipeline_stage[10].state_reg_reg[10][52]
  -------------------------------------------------------------------
                         required time                         23.266    
                         arrival time                          -4.480    
  -------------------------------------------------------------------
                         slack                                 18.786    

Slack (MET) :             18.786ns  (required time - arrival time)
  Source:                 pipeline_stage[9].state_reg_reg[9][16]/C
                            (rising edge-triggered cell FDCE clocked by clk  {rise@0.000ns fall@10.000ns period=20.000ns})
  Destination:            pipeline_stage[10].state_reg_reg[10][57]/D
                            (rising edge-triggered cell FDCE clocked by clk  {rise@0.000ns fall@10.000ns period=20.000ns})
  Path Group:             clk
  Path Type:              Setup (Max at Slow Process Corner)
  Requirement:            20.000ns  (clk rise@20.000ns - clk rise@0.000ns)
  Data Path Delay:        1.059ns  (logic 0.516ns (48.725%)  route 0.543ns (51.275%))
  Logic Levels:           4  (LUT6=3 MUXF7=1)
  Clock Path Skew:        -0.145ns (DCD - SCD + CPR)
    Destination Clock Delay (DCD):    2.993ns = ( 22.993 - 20.000 ) 
    Source Clock Delay      (SCD):    3.421ns
    Clock Pessimism Removal (CPR):    0.283ns
  Clock Uncertainty:      0.035ns  ((TSJ^2 + TIJ^2)^1/2 + DJ) / 2 + PE
    Total System Jitter     (TSJ):    0.071ns
    Total Input Jitter      (TIJ):    0.000ns
    Discrete Jitter          (DJ):    0.000ns
    Phase Error              (PE):    0.000ns

    Location             Delay type                Incr(ns)  Path(ns)    Netlist Resource(s)
  -------------------------------------------------------------------    -------------------
                         (clock clk rise edge)        0.000     0.000 r  
                                                      0.000     0.000 r  clk (IN)
                         net (fo=0)                   0.000     0.000    clk_IBUF_inst/I
                         INBUF (Prop_INBUF_PAD_O)     0.533     0.533 r  clk_IBUF_inst/INBUF_INST/O
                         net (fo=1, unplaced)         0.000     0.533    clk_IBUF_inst/OUT
                         IBUFCTRL (Prop_IBUFCTRL_I_O)
                                                      0.000     0.533 r  clk_IBUF_inst/IBUFCTRL_INST/O
                         net (fo=1, unplaced)         0.276     0.809    clk_IBUF
                         BUFGCE (Prop_BUFGCE_I_O)     0.028     0.837 r  clk_IBUF_BUFG_inst/O
                         net (fo=5391, unplaced)      2.584     3.421    clk_IBUF_BUFG
                         FDCE                                         r  pipeline_stage[9].state_reg_reg[9][16]/C
  -------------------------------------------------------------------    -------------------
                         FDCE (Prop_FDCE_C_Q)         0.077     3.498 r  pipeline_stage[9].state_reg_reg[9][16]/Q
                         net (fo=32, unplaced)        0.214     3.712    pipeline_stage[10].u_sub/pipeline_stage[9].state_reg_reg[9][16]
                         LUT6 (Prop_LUT6_I0_O)        0.145     3.857 r  pipeline_stage[10].u_sub/g0_b7__181/O
                         net (fo=1, unplaced)         0.032     3.889    pipeline_stage[10].u_sub/g0_b7__181_n_0
                         MUXF7 (Prop_MUXF7_I0_O)      0.069     3.958 r  pipeline_stage[10].u_sub/p_0_out_inferred__1/pipeline_stage[10].state_reg_reg[10][63]_i_9/O
                         net (fo=3, unplaced)         0.145     4.103    pipeline_stage[10].u_sub/p_0_out_inferred__1/pipeline_stage[10].state_reg_reg[10][63]_i_9_n_0
                         LUT6 (Prop_LUT6_I0_O)        0.100     4.203 r  pipeline_stage[10].u_sub/pipeline_stage[10].state_reg[10][60]_i_5/O
                         net (fo=3, unplaced)         0.104     4.307    pipeline_stage[10].u_sub/pipeline_stage[10].state_reg[10][60]_i_5_n_0
                         LUT6 (Prop_LUT6_I1_O)        0.125     4.432 r  pipeline_stage[10].u_sub/pipeline_stage[10].state_reg[10][57]_i_1/O
                         net (fo=1, unplaced)         0.048     4.480    pipeline_stage[10].round_out[57]
                         FDCE                                         r  pipeline_stage[10].state_reg_reg[10][57]/D
  -------------------------------------------------------------------    -------------------

                         (clock clk rise edge)       20.000    20.000 r  
                                                      0.000    20.000 r  clk (IN)
                         net (fo=0)                   0.000    20.000    clk_IBUF_inst/I
                         INBUF (Prop_INBUF_PAD_O)     0.283    20.283 r  clk_IBUF_inst/INBUF_INST/O
                         net (fo=1, unplaced)         0.000    20.283    clk_IBUF_inst/OUT
                         IBUFCTRL (Prop_IBUFCTRL_I_O)
                                                      0.000    20.283 r  clk_IBUF_inst/IBUFCTRL_INST/O
                         net (fo=1, unplaced)         0.247    20.530    clk_IBUF
                         BUFGCE (Prop_BUFGCE_I_O)     0.024    20.554 r  clk_IBUF_BUFG_inst/O
                         net (fo=5391, unplaced)      2.439    22.993    clk_IBUF_BUFG
                         FDCE                                         r  pipeline_stage[10].state_reg_reg[10][57]/C
                         clock pessimism              0.283    23.276    
                         clock uncertainty           -0.035    23.241    
                         FDCE (Setup_FDCE_C_D)        0.025    23.266    pipeline_stage[10].state_reg_reg[10][57]
  -------------------------------------------------------------------
                         required time                         23.266    
                         arrival time                          -4.480    
  -------------------------------------------------------------------
                         slack                                 18.786    

Slack (MET) :             18.786ns  (required time - arrival time)
  Source:                 pipeline_stage[9].state_reg_reg[9][16]/C
                            (rising edge-triggered cell FDCE clocked by clk  {rise@0.000ns fall@10.000ns period=20.000ns})
  Destination:            pipeline_stage[10].state_reg_reg[10][59]/D
                            (rising edge-triggered cell FDCE clocked by clk  {rise@0.000ns fall@10.000ns period=20.000ns})
  Path Group:             clk
  Path Type:              Setup (Max at Slow Process Corner)
  Requirement:            20.000ns  (clk rise@20.000ns - clk rise@0.000ns)
  Data Path Delay:        1.059ns  (logic 0.516ns (48.725%)  route 0.543ns (51.275%))
  Logic Levels:           4  (LUT6=3 MUXF7=1)
  Clock Path Skew:        -0.145ns (DCD - SCD + CPR)
    Destination Clock Delay (DCD):    2.993ns = ( 22.993 - 20.000 ) 
    Source Clock Delay      (SCD):    3.421ns
    Clock Pessimism Removal (CPR):    0.283ns
  Clock Uncertainty:      0.035ns  ((TSJ^2 + TIJ^2)^1/2 + DJ) / 2 + PE
    Total System Jitter     (TSJ):    0.071ns
    Total Input Jitter      (TIJ):    0.000ns
    Discrete Jitter          (DJ):    0.000ns
    Phase Error              (PE):    0.000ns

    Location             Delay type                Incr(ns)  Path(ns)    Netlist Resource(s)
  -------------------------------------------------------------------    -------------------
                         (clock clk rise edge)        0.000     0.000 r  
                                                      0.000     0.000 r  clk (IN)
                         net (fo=0)                   0.000     0.000    clk_IBUF_inst/I
                         INBUF (Prop_INBUF_PAD_O)     0.533     0.533 r  clk_IBUF_inst/INBUF_INST/O
                         net (fo=1, unplaced)         0.000     0.533    clk_IBUF_inst/OUT
                         IBUFCTRL (Prop_IBUFCTRL_I_O)
                                                      0.000     0.533 r  clk_IBUF_inst/IBUFCTRL_INST/O
                         net (fo=1, unplaced)         0.276     0.809    clk_IBUF
                         BUFGCE (Prop_BUFGCE_I_O)     0.028     0.837 r  clk_IBUF_BUFG_inst/O
                         net (fo=5391, unplaced)      2.584     3.421    clk_IBUF_BUFG
                         FDCE                                         r  pipeline_stage[9].state_reg_reg[9][16]/C
  -------------------------------------------------------------------    -------------------
                         FDCE (Prop_FDCE_C_Q)         0.077     3.498 r  pipeline_stage[9].state_reg_reg[9][16]/Q
                         net (fo=32, unplaced)        0.214     3.712    pipeline_stage[10].u_sub/pipeline_stage[9].state_reg_reg[9][16]
                         LUT6 (Prop_LUT6_I0_O)        0.145     3.857 r  pipeline_stage[10].u_sub/g0_b7__181/O
                         net (fo=1, unplaced)         0.032     3.889    pipeline_stage[10].u_sub/g0_b7__181_n_0
                         MUXF7 (Prop_MUXF7_I0_O)      0.069     3.958 r  pipeline_stage[10].u_sub/p_0_out_inferred__1/pipeline_stage[10].state_reg_reg[10][63]_i_9/O
                         net (fo=3, unplaced)         0.145     4.103    pipeline_stage[10].u_sub/p_0_out_inferred__1/pipeline_stage[10].state_reg_reg[10][63]_i_9_n_0
                         LUT6 (Prop_LUT6_I0_O)        0.100     4.203 r  pipeline_stage[10].u_sub/pipeline_stage[10].state_reg[10][60]_i_5/O
                         net (fo=3, unplaced)         0.104     4.307    pipeline_stage[10].u_sub/pipeline_stage[10].state_reg[10][60]_i_5_n_0
                         LUT6 (Prop_LUT6_I1_O)        0.125     4.432 r  pipeline_stage[10].u_sub/pipeline_stage[10].state_reg[10][59]_i_1/O
                         net (fo=1, unplaced)         0.048     4.480    pipeline_stage[10].round_out[59]
                         FDCE                                         r  pipeline_stage[10].state_reg_reg[10][59]/D
  -------------------------------------------------------------------    -------------------

                         (clock clk rise edge)       20.000    20.000 r  
                                                      0.000    20.000 r  clk (IN)
                         net (fo=0)                   0.000    20.000    clk_IBUF_inst/I
                         INBUF (Prop_INBUF_PAD_O)     0.283    20.283 r  clk_IBUF_inst/INBUF_INST/O
                         net (fo=1, unplaced)         0.000    20.283    clk_IBUF_inst/OUT
                         IBUFCTRL (Prop_IBUFCTRL_I_O)
                                                      0.000    20.283 r  clk_IBUF_inst/IBUFCTRL_INST/O
                         net (fo=1, unplaced)         0.247    20.530    clk_IBUF
                         BUFGCE (Prop_BUFGCE_I_O)     0.024    20.554 r  clk_IBUF_BUFG_inst/O
                         net (fo=5391, unplaced)      2.439    22.993    clk_IBUF_BUFG
                         FDCE                                         r  pipeline_stage[10].state_reg_reg[10][59]/C
                         clock pessimism              0.283    23.276    
                         clock uncertainty           -0.035    23.241    
                         FDCE (Setup_FDCE_C_D)        0.025    23.266    pipeline_stage[10].state_reg_reg[10][59]
  -------------------------------------------------------------------
                         required time                         23.266    
                         arrival time                          -4.480    
  -------------------------------------------------------------------
                         slack                                 18.786    

Slack (MET) :             18.786ns  (required time - arrival time)
  Source:                 pipeline_stage[9].state_reg_reg[9][96]/C
                            (rising edge-triggered cell FDCE clocked by clk  {rise@0.000ns fall@10.000ns period=20.000ns})
  Destination:            pipeline_stage[10].state_reg_reg[10][68]/D
                            (rising edge-triggered cell FDCE clocked by clk  {rise@0.000ns fall@10.000ns period=20.000ns})
  Path Group:             clk
  Path Type:              Setup (Max at Slow Process Corner)
  Requirement:            20.000ns  (clk rise@20.000ns - clk rise@0.000ns)
  Data Path Delay:        1.059ns  (logic 0.516ns (48.725%)  route 0.543ns (51.275%))
  Logic Levels:           4  (LUT6=3 MUXF7=1)
  Clock Path Skew:        -0.145ns (DCD - SCD + CPR)
    Destination Clock Delay (DCD):    2.993ns = ( 22.993 - 20.000 ) 
    Source Clock Delay      (SCD):    3.421ns
    Clock Pessimism Removal (CPR):    0.283ns
  Clock Uncertainty:      0.035ns  ((TSJ^2 + TIJ^2)^1/2 + DJ) / 2 + PE
    Total System Jitter     (TSJ):    0.071ns
    Total Input Jitter      (TIJ):    0.000ns
    Discrete Jitter          (DJ):    0.000ns
    Phase Error              (PE):    0.000ns

    Location             Delay type                Incr(ns)  Path(ns)    Netlist Resource(s)
  -------------------------------------------------------------------    -------------------
                         (clock clk rise edge)        0.000     0.000 r  
                                                      0.000     0.000 r  clk (IN)
                         net (fo=0)                   0.000     0.000    clk_IBUF_inst/I
                         INBUF (Prop_INBUF_PAD_O)     0.533     0.533 r  clk_IBUF_inst/INBUF_INST/O
                         net (fo=1, unplaced)         0.000     0.533    clk_IBUF_inst/OUT
                         IBUFCTRL (Prop_IBUFCTRL_I_O)
                                                      0.000     0.533 r  clk_IBUF_inst/IBUFCTRL_INST/O
                         net (fo=1, unplaced)         0.276     0.809    clk_IBUF
                         BUFGCE (Prop_BUFGCE_I_O)     0.028     0.837 r  clk_IBUF_BUFG_inst/O
                         net (fo=5391, unplaced)      2.584     3.421    clk_IBUF_BUFG
                         FDCE                                         r  pipeline_stage[9].state_reg_reg[9][96]/C
  -------------------------------------------------------------------    -------------------
                         FDCE (Prop_FDCE_C_Q)         0.077     3.498 r  pipeline_stage[9].state_reg_reg[9][96]/Q
                         net (fo=32, unplaced)        0.214     3.712    pipeline_stage[10].u_sub/pipeline_stage[9].state_reg_reg[9][96]
                         LUT6 (Prop_LUT6_I0_O)        0.145     3.857 r  pipeline_stage[10].u_sub/g0_b7__191/O
                         net (fo=1, unplaced)         0.032     3.889    pipeline_stage[10].u_sub/g0_b7__191_n_0
                         MUXF7 (Prop_MUXF7_I0_O)      0.069     3.958 r  pipeline_stage[10].u_sub/p_0_out_inferred__11/pipeline_stage[10].state_reg_reg[10][95]_i_15/O
                         net (fo=3, unplaced)         0.145     4.103    pipeline_stage[10].u_sub/p_0_out_inferred__11/pipeline_stage[10].state_reg_reg[10][95]_i_15_n_0
                         LUT6 (Prop_LUT6_I0_O)        0.100     4.203 r  pipeline_stage[10].u_sub/pipeline_stage[10].state_reg[10][68]_i_2/O
                         net (fo=3, unplaced)         0.104     4.307    pipeline_stage[10].u_sub/pipeline_stage[10].state_reg[10][68]_i_2_n_0
                         LUT6 (Prop_LUT6_I1_O)        0.125     4.432 r  pipeline_stage[10].u_sub/pipeline_stage[10].state_reg[10][68]_i_1/O
                         net (fo=1, unplaced)         0.048     4.480    pipeline_stage[10].round_out[68]
                         FDCE                                         r  pipeline_stage[10].state_reg_reg[10][68]/D
  -------------------------------------------------------------------    -------------------

                         (clock clk rise edge)       20.000    20.000 r  
                                                      0.000    20.000 r  clk (IN)
                         net (fo=0)                   0.000    20.000    clk_IBUF_inst/I
                         INBUF (Prop_INBUF_PAD_O)     0.283    20.283 r  clk_IBUF_inst/INBUF_INST/O
                         net (fo=1, unplaced)         0.000    20.283    clk_IBUF_inst/OUT
                         IBUFCTRL (Prop_IBUFCTRL_I_O)
                                                      0.000    20.283 r  clk_IBUF_inst/IBUFCTRL_INST/O
                         net (fo=1, unplaced)         0.247    20.530    clk_IBUF
                         BUFGCE (Prop_BUFGCE_I_O)     0.024    20.554 r  clk_IBUF_BUFG_inst/O
                         net (fo=5391, unplaced)      2.439    22.993    clk_IBUF_BUFG
                         FDCE                                         r  pipeline_stage[10].state_reg_reg[10][68]/C
                         clock pessimism              0.283    23.276    
                         clock uncertainty           -0.035    23.241    
                         FDCE (Setup_FDCE_C_D)        0.025    23.266    pipeline_stage[10].state_reg_reg[10][68]
  -------------------------------------------------------------------
                         required time                         23.266    
                         arrival time                          -4.480    
  -------------------------------------------------------------------
                         slack                                 18.786    

Slack (MET) :             18.786ns  (required time - arrival time)
  Source:                 pipeline_stage[9].state_reg_reg[9][8]/C
                            (rising edge-triggered cell FDCE clocked by clk  {rise@0.000ns fall@10.000ns period=20.000ns})
  Destination:            pipeline_stage[10].state_reg_reg[10][73]/D
                            (rising edge-triggered cell FDCE clocked by clk  {rise@0.000ns fall@10.000ns period=20.000ns})
  Path Group:             clk
  Path Type:              Setup (Max at Slow Process Corner)
  Requirement:            20.000ns  (clk rise@20.000ns - clk rise@0.000ns)
  Data Path Delay:        1.059ns  (logic 0.516ns (48.725%)  route 0.543ns (51.275%))
  Logic Levels:           4  (LUT6=3 MUXF7=1)
  Clock Path Skew:        -0.145ns (DCD - SCD + CPR)
    Destination Clock Delay (DCD):    2.993ns = ( 22.993 - 20.000 ) 
    Source Clock Delay      (SCD):    3.421ns
    Clock Pessimism Removal (CPR):    0.283ns
  Clock Uncertainty:      0.035ns  ((TSJ^2 + TIJ^2)^1/2 + DJ) / 2 + PE
    Total System Jitter     (TSJ):    0.071ns
    Total Input Jitter      (TIJ):    0.000ns
    Discrete Jitter          (DJ):    0.000ns
    Phase Error              (PE):    0.000ns

    Location             Delay type                Incr(ns)  Path(ns)    Netlist Resource(s)
  -------------------------------------------------------------------    -------------------
                         (clock clk rise edge)        0.000     0.000 r  
                                                      0.000     0.000 r  clk (IN)
                         net (fo=0)                   0.000     0.000    clk_IBUF_inst/I
                         INBUF (Prop_INBUF_PAD_O)     0.533     0.533 r  clk_IBUF_inst/INBUF_INST/O
                         net (fo=1, unplaced)         0.000     0.533    clk_IBUF_inst/OUT
                         IBUFCTRL (Prop_IBUFCTRL_I_O)
                                                      0.000     0.533 r  clk_IBUF_inst/IBUFCTRL_INST/O
                         net (fo=1, unplaced)         0.276     0.809    clk_IBUF
                         BUFGCE (Prop_BUFGCE_I_O)     0.028     0.837 r  clk_IBUF_BUFG_inst/O
                         net (fo=5391, unplaced)      2.584     3.421    clk_IBUF_BUFG
                         FDCE                                         r  pipeline_stage[9].state_reg_reg[9][8]/C
  -------------------------------------------------------------------    -------------------
                         FDCE (Prop_FDCE_C_Q)         0.077     3.498 r  pipeline_stage[9].state_reg_reg[9][8]/Q
                         net (fo=32, unplaced)        0.214     3.712    pipeline_stage[10].u_sub/pipeline_stage[9].state_reg_reg[9][8]
                         LUT6 (Prop_LUT6_I0_O)        0.145     3.857 r  pipeline_stage[10].u_sub/g0_b7__180/O
                         net (fo=1, unplaced)         0.032     3.889    pipeline_stage[10].u_sub/g0_b7__180_n_0
                         MUXF7 (Prop_MUXF7_I0_O)      0.069     3.958 r  pipeline_stage[10].u_sub/p_0_out_inferred__0/pipeline_stage[10].state_reg_reg[10][95]_i_11/O
                         net (fo=3, unplaced)         0.145     4.103    pipeline_stage[10].u_sub/p_0_out_inferred__0/pipeline_stage[10].state_reg_reg[10][95]_i_11_n_0
                         LUT6 (Prop_LUT6_I0_O)        0.100     4.203 r  pipeline_stage[10].u_sub/pipeline_stage[10].state_reg[10][76]_i_3/O
                         net (fo=3, unplaced)         0.104     4.307    pipeline_stage[10].u_sub/pipeline_stage[10].state_reg[10][76]_i_3_n_0
                         LUT6 (Prop_LUT6_I1_O)        0.125     4.432 r  pipeline_stage[10].u_sub/pipeline_stage[10].state_reg[10][73]_i_1/O
                         net (fo=1, unplaced)         0.048     4.480    pipeline_stage[10].round_out[73]
                         FDCE                                         r  pipeline_stage[10].state_reg_reg[10][73]/D
  -------------------------------------------------------------------    -------------------

                         (clock clk rise edge)       20.000    20.000 r  
                                                      0.000    20.000 r  clk (IN)
                         net (fo=0)                   0.000    20.000    clk_IBUF_inst/I
                         INBUF (Prop_INBUF_PAD_O)     0.283    20.283 r  clk_IBUF_inst/INBUF_INST/O
                         net (fo=1, unplaced)         0.000    20.283    clk_IBUF_inst/OUT
                         IBUFCTRL (Prop_IBUFCTRL_I_O)
                                                      0.000    20.283 r  clk_IBUF_inst/IBUFCTRL_INST/O
                         net (fo=1, unplaced)         0.247    20.530    clk_IBUF
                         BUFGCE (Prop_BUFGCE_I_O)     0.024    20.554 r  clk_IBUF_BUFG_inst/O
                         net (fo=5391, unplaced)      2.439    22.993    clk_IBUF_BUFG
                         FDCE                                         r  pipeline_stage[10].state_reg_reg[10][73]/C
                         clock pessimism              0.283    23.276    
                         clock uncertainty           -0.035    23.241    
                         FDCE (Setup_FDCE_C_D)        0.025    23.266    pipeline_stage[10].state_reg_reg[10][73]
  -------------------------------------------------------------------
                         required time                         23.266    
                         arrival time                          -4.480    
  -------------------------------------------------------------------
                         slack                                 18.786    

Slack (MET) :             18.786ns  (required time - arrival time)
  Source:                 pipeline_stage[9].state_reg_reg[9][8]/C
                            (rising edge-triggered cell FDCE clocked by clk  {rise@0.000ns fall@10.000ns period=20.000ns})
  Destination:            pipeline_stage[10].state_reg_reg[10][75]/D
                            (rising edge-triggered cell FDCE clocked by clk  {rise@0.000ns fall@10.000ns period=20.000ns})
  Path Group:             clk
  Path Type:              Setup (Max at Slow Process Corner)
  Requirement:            20.000ns  (clk rise@20.000ns - clk rise@0.000ns)
  Data Path Delay:        1.059ns  (logic 0.516ns (48.725%)  route 0.543ns (51.275%))
  Logic Levels:           4  (LUT6=3 MUXF7=1)
  Clock Path Skew:        -0.145ns (DCD - SCD + CPR)
    Destination Clock Delay (DCD):    2.993ns = ( 22.993 - 20.000 ) 
    Source Clock Delay      (SCD):    3.421ns
    Clock Pessimism Removal (CPR):    0.283ns
  Clock Uncertainty:      0.035ns  ((TSJ^2 + TIJ^2)^1/2 + DJ) / 2 + PE
    Total System Jitter     (TSJ):    0.071ns
    Total Input Jitter      (TIJ):    0.000ns
    Discrete Jitter          (DJ):    0.000ns
    Phase Error              (PE):    0.000ns

    Location             Delay type                Incr(ns)  Path(ns)    Netlist Resource(s)
  -------------------------------------------------------------------    -------------------
                         (clock clk rise edge)        0.000     0.000 r  
                                                      0.000     0.000 r  clk (IN)
                         net (fo=0)                   0.000     0.000    clk_IBUF_inst/I
                         INBUF (Prop_INBUF_PAD_O)     0.533     0.533 r  clk_IBUF_inst/INBUF_INST/O
                         net (fo=1, unplaced)         0.000     0.533    clk_IBUF_inst/OUT
                         IBUFCTRL (Prop_IBUFCTRL_I_O)
                                                      0.000     0.533 r  clk_IBUF_inst/IBUFCTRL_INST/O
                         net (fo=1, unplaced)         0.276     0.809    clk_IBUF
                         BUFGCE (Prop_BUFGCE_I_O)     0.028     0.837 r  clk_IBUF_BUFG_inst/O
                         net (fo=5391, unplaced)      2.584     3.421    clk_IBUF_BUFG
                         FDCE                                         r  pipeline_stage[9].state_reg_reg[9][8]/C
  -------------------------------------------------------------------    -------------------
                         FDCE (Prop_FDCE_C_Q)         0.077     3.498 r  pipeline_stage[9].state_reg_reg[9][8]/Q
                         net (fo=32, unplaced)        0.214     3.712    pipeline_stage[10].u_sub/pipeline_stage[9].state_reg_reg[9][8]
                         LUT6 (Prop_LUT6_I0_O)        0.145     3.857 r  pipeline_stage[10].u_sub/g0_b7__180/O
                         net (fo=1, unplaced)         0.032     3.889    pipeline_stage[10].u_sub/g0_b7__180_n_0
                         MUXF7 (Prop_MUXF7_I0_O)      0.069     3.958 r  pipeline_stage[10].u_sub/p_0_out_inferred__0/pipeline_stage[10].state_reg_reg[10][95]_i_11/O
                         net (fo=3, unplaced)         0.145     4.103    pipeline_stage[10].u_sub/p_0_out_inferred__0/pipeline_stage[10].state_reg_reg[10][95]_i_11_n_0
                         LUT6 (Prop_LUT6_I0_O)        0.100     4.203 r  pipeline_stage[10].u_sub/pipeline_stage[10].state_reg[10][76]_i_3/O
                         net (fo=3, unplaced)         0.104     4.307    pipeline_stage[10].u_sub/pipeline_stage[10].state_reg[10][76]_i_3_n_0
                         LUT6 (Prop_LUT6_I1_O)        0.125     4.432 r  pipeline_stage[10].u_sub/pipeline_stage[10].state_reg[10][75]_i_1/O
                         net (fo=1, unplaced)         0.048     4.480    pipeline_stage[10].round_out[75]
                         FDCE                                         r  pipeline_stage[10].state_reg_reg[10][75]/D
  -------------------------------------------------------------------    -------------------

                         (clock clk rise edge)       20.000    20.000 r  
                                                      0.000    20.000 r  clk (IN)
                         net (fo=0)                   0.000    20.000    clk_IBUF_inst/I
                         INBUF (Prop_INBUF_PAD_O)     0.283    20.283 r  clk_IBUF_inst/INBUF_INST/O
                         net (fo=1, unplaced)         0.000    20.283    clk_IBUF_inst/OUT
                         IBUFCTRL (Prop_IBUFCTRL_I_O)
                                                      0.000    20.283 r  clk_IBUF_inst/IBUFCTRL_INST/O
                         net (fo=1, unplaced)         0.247    20.530    clk_IBUF
                         BUFGCE (Prop_BUFGCE_I_O)     0.024    20.554 r  clk_IBUF_BUFG_inst/O
                         net (fo=5391, unplaced)      2.439    22.993    clk_IBUF_BUFG
                         FDCE                                         r  pipeline_stage[10].state_reg_reg[10][75]/C
                         clock pessimism              0.283    23.276    
                         clock uncertainty           -0.035    23.241    
                         FDCE (Setup_FDCE_C_D)        0.025    23.266    pipeline_stage[10].state_reg_reg[10][75]
  -------------------------------------------------------------------
                         required time                         23.266    
                         arrival time                          -4.480    
  -------------------------------------------------------------------
                         slack                                 18.786    





Min Delay Paths
--------------------------------------------------------------------------------------
Slack (VIOLATED) :        -0.067ns  (arrival time - required time)
  Source:                 pipeline_stage[9].prev_key_reg_reg[9][0]/C
                            (rising edge-triggered cell FDCE clocked by clk  {rise@0.000ns fall@10.000ns period=20.000ns})
  Destination:            pipeline_stage[10].curr_key_reg_reg[10][0]/D
                            (rising edge-triggered cell FDCE clocked by clk  {rise@0.000ns fall@10.000ns period=20.000ns})
  Path Group:             clk
  Path Type:              Hold (Min at Fast Process Corner)
  Requirement:            0.000ns  (clk rise@0.000ns - clk rise@0.000ns)
  Data Path Delay:        0.124ns  (logic 0.061ns (49.194%)  route 0.063ns (50.806%))
  Logic Levels:           1  (LUT5=1)
  Clock Path Skew:        0.145ns (DCD - SCD - CPR)
    Destination Clock Delay (DCD):    1.778ns
    Source Clock Delay      (SCD):    1.415ns
    Clock Pessimism Removal (CPR):    0.218ns

    Location             Delay type                Incr(ns)  Path(ns)    Netlist Resource(s)
  -------------------------------------------------------------------    -------------------
                         (clock clk rise edge)        0.000     0.000 r  
                                                      0.000     0.000 r  clk (IN)
                         net (fo=0)                   0.000     0.000    clk_IBUF_inst/I
                         INBUF (Prop_INBUF_PAD_O)     0.168     0.168 r  clk_IBUF_inst/INBUF_INST/O
                         net (fo=1, unplaced)         0.000     0.168    clk_IBUF_inst/OUT
                         IBUFCTRL (Prop_IBUFCTRL_I_O)
                                                      0.000     0.168 r  clk_IBUF_inst/IBUFCTRL_INST/O
                         net (fo=1, unplaced)         0.116     0.284    clk_IBUF
                         BUFGCE (Prop_BUFGCE_I_O)     0.017     0.301 r  clk_IBUF_BUFG_inst/O
                         net (fo=5391, unplaced)      1.114     1.415    clk_IBUF_BUFG
                         FDCE                                         r  pipeline_stage[9].prev_key_reg_reg[9][0]/C
  -------------------------------------------------------------------    -------------------
                         FDCE (Prop_FDCE_C_Q)         0.038     1.453 r  pipeline_stage[9].prev_key_reg_reg[9][0]/Q
                         net (fo=1, unplaced)         0.047     1.500    pipeline_stage[10].u_keyexp/pipeline_stage[9].prev_key_reg_reg[9][0]
                         LUT5 (Prop_LUT5_I4_O)        0.023     1.523 r  pipeline_stage[10].u_keyexp/pipeline_stage[10].curr_key_reg[10][0]_i_1/O
                         net (fo=1, unplaced)         0.016     1.539    pipeline_stage[10].next_key[0]
                         FDCE                                         r  pipeline_stage[10].curr_key_reg_reg[10][0]/D
  -------------------------------------------------------------------    -------------------

                         (clock clk rise edge)        0.000     0.000 r  
                                                      0.000     0.000 r  clk (IN)
                         net (fo=0)                   0.000     0.000    clk_IBUF_inst/I
                         INBUF (Prop_INBUF_PAD_O)     0.353     0.353 r  clk_IBUF_inst/INBUF_INST/O
                         net (fo=1, unplaced)         0.000     0.353    clk_IBUF_inst/OUT
                         IBUFCTRL (Prop_IBUFCTRL_I_O)
                                                      0.000     0.353 r  clk_IBUF_inst/IBUFCTRL_INST/O
                         net (fo=1, unplaced)         0.147     0.500    clk_IBUF
                         BUFGCE (Prop_BUFGCE_I_O)     0.019     0.519 r  clk_IBUF_BUFG_inst/O
                         net (fo=5391, unplaced)      1.259     1.778    clk_IBUF_BUFG
                         FDCE                                         r  pipeline_stage[10].curr_key_reg_reg[10][0]/C
                         clock pessimism             -0.218     1.560    
                         FDCE (Hold_FDCE_C_D)         0.046     1.606    pipeline_stage[10].curr_key_reg_reg[10][0]
  -------------------------------------------------------------------
                         required time                         -1.606    
                         arrival time                           1.539    
  -------------------------------------------------------------------
                         slack                                 -0.067    

Slack (VIOLATED) :        -0.067ns  (arrival time - required time)
  Source:                 pipeline_stage[9].prev_key_reg_reg[9][10]/C
                            (rising edge-triggered cell FDCE clocked by clk  {rise@0.000ns fall@10.000ns period=20.000ns})
  Destination:            pipeline_stage[10].curr_key_reg_reg[10][10]/D
                            (rising edge-triggered cell FDCE clocked by clk  {rise@0.000ns fall@10.000ns period=20.000ns})
  Path Group:             clk
  Path Type:              Hold (Min at Fast Process Corner)
  Requirement:            0.000ns  (clk rise@0.000ns - clk rise@0.000ns)
  Data Path Delay:        0.124ns  (logic 0.061ns (49.194%)  route 0.063ns (50.806%))
  Logic Levels:           1  (LUT5=1)
  Clock Path Skew:        0.145ns (DCD - SCD - CPR)
    Destination Clock Delay (DCD):    1.778ns
    Source Clock Delay      (SCD):    1.415ns
    Clock Pessimism Removal (CPR):    0.218ns

    Location             Delay type                Incr(ns)  Path(ns)    Netlist Resource(s)
  -------------------------------------------------------------------    -------------------
                         (clock clk rise edge)        0.000     0.000 r  
                                                      0.000     0.000 r  clk (IN)
                         net (fo=0)                   0.000     0.000    clk_IBUF_inst/I
                         INBUF (Prop_INBUF_PAD_O)     0.168     0.168 r  clk_IBUF_inst/INBUF_INST/O
                         net (fo=1, unplaced)         0.000     0.168    clk_IBUF_inst/OUT
                         IBUFCTRL (Prop_IBUFCTRL_I_O)
                                                      0.000     0.168 r  clk_IBUF_inst/IBUFCTRL_INST/O
                         net (fo=1, unplaced)         0.116     0.284    clk_IBUF
                         BUFGCE (Prop_BUFGCE_I_O)     0.017     0.301 r  clk_IBUF_BUFG_inst/O
                         net (fo=5391, unplaced)      1.114     1.415    clk_IBUF_BUFG
                         FDCE                                         r  pipeline_stage[9].prev_key_reg_reg[9][10]/C
  -------------------------------------------------------------------    -------------------
                         FDCE (Prop_FDCE_C_Q)         0.038     1.453 r  pipeline_stage[9].prev_key_reg_reg[9][10]/Q
                         net (fo=1, unplaced)         0.047     1.500    pipeline_stage[10].u_keyexp/pipeline_stage[9].prev_key_reg_reg[9][10]
                         LUT5 (Prop_LUT5_I4_O)        0.023     1.523 r  pipeline_stage[10].u_keyexp/pipeline_stage[10].curr_key_reg[10][10]_i_1/O
                         net (fo=1, unplaced)         0.016     1.539    pipeline_stage[10].next_key[10]
                         FDCE                                         r  pipeline_stage[10].curr_key_reg_reg[10][10]/D
  -------------------------------------------------------------------    -------------------

                         (clock clk rise edge)        0.000     0.000 r  
                                                      0.000     0.000 r  clk (IN)
                         net (fo=0)                   0.000     0.000    clk_IBUF_inst/I
                         INBUF (Prop_INBUF_PAD_O)     0.353     0.353 r  clk_IBUF_inst/INBUF_INST/O
                         net (fo=1, unplaced)         0.000     0.353    clk_IBUF_inst/OUT
                         IBUFCTRL (Prop_IBUFCTRL_I_O)
                                                      0.000     0.353 r  clk_IBUF_inst/IBUFCTRL_INST/O
                         net (fo=1, unplaced)         0.147     0.500    clk_IBUF
                         BUFGCE (Prop_BUFGCE_I_O)     0.019     0.519 r  clk_IBUF_BUFG_inst/O
                         net (fo=5391, unplaced)      1.259     1.778    clk_IBUF_BUFG
                         FDCE                                         r  pipeline_stage[10].curr_key_reg_reg[10][10]/C
                         clock pessimism             -0.218     1.560    
                         FDCE (Hold_FDCE_C_D)         0.046     1.606    pipeline_stage[10].curr_key_reg_reg[10][10]
  -------------------------------------------------------------------
                         required time                         -1.606    
                         arrival time                           1.539    
  -------------------------------------------------------------------
                         slack                                 -0.067    

Slack (VIOLATED) :        -0.067ns  (arrival time - required time)
  Source:                 pipeline_stage[9].prev_key_reg_reg[9][11]/C
                            (rising edge-triggered cell FDCE clocked by clk  {rise@0.000ns fall@10.000ns period=20.000ns})
  Destination:            pipeline_stage[10].curr_key_reg_reg[10][11]/D
                            (rising edge-triggered cell FDCE clocked by clk  {rise@0.000ns fall@10.000ns period=20.000ns})
  Path Group:             clk
  Path Type:              Hold (Min at Fast Process Corner)
  Requirement:            0.000ns  (clk rise@0.000ns - clk rise@0.000ns)
  Data Path Delay:        0.124ns  (logic 0.061ns (49.194%)  route 0.063ns (50.806%))
  Logic Levels:           1  (LUT5=1)
  Clock Path Skew:        0.145ns (DCD - SCD - CPR)
    Destination Clock Delay (DCD):    1.778ns
    Source Clock Delay      (SCD):    1.415ns
    Clock Pessimism Removal (CPR):    0.218ns

    Location             Delay type                Incr(ns)  Path(ns)    Netlist Resource(s)
  -------------------------------------------------------------------    -------------------
                         (clock clk rise edge)        0.000     0.000 r  
                                                      0.000     0.000 r  clk (IN)
                         net (fo=0)                   0.000     0.000    clk_IBUF_inst/I
                         INBUF (Prop_INBUF_PAD_O)     0.168     0.168 r  clk_IBUF_inst/INBUF_INST/O
                         net (fo=1, unplaced)         0.000     0.168    clk_IBUF_inst/OUT
                         IBUFCTRL (Prop_IBUFCTRL_I_O)
                                                      0.000     0.168 r  clk_IBUF_inst/IBUFCTRL_INST/O
                         net (fo=1, unplaced)         0.116     0.284    clk_IBUF
                         BUFGCE (Prop_BUFGCE_I_O)     0.017     0.301 r  clk_IBUF_BUFG_inst/O
                         net (fo=5391, unplaced)      1.114     1.415    clk_IBUF_BUFG
                         FDCE                                         r  pipeline_stage[9].prev_key_reg_reg[9][11]/C
  -------------------------------------------------------------------    -------------------
                         FDCE (Prop_FDCE_C_Q)         0.038     1.453 r  pipeline_stage[9].prev_key_reg_reg[9][11]/Q
                         net (fo=1, unplaced)         0.047     1.500    pipeline_stage[10].u_keyexp/pipeline_stage[9].prev_key_reg_reg[9][11]
                         LUT5 (Prop_LUT5_I4_O)        0.023     1.523 r  pipeline_stage[10].u_keyexp/pipeline_stage[10].curr_key_reg[10][11]_i_1/O
                         net (fo=1, unplaced)         0.016     1.539    pipeline_stage[10].next_key[11]
                         FDCE                                         r  pipeline_stage[10].curr_key_reg_reg[10][11]/D
  -------------------------------------------------------------------    -------------------

                         (clock clk rise edge)        0.000     0.000 r  
                                                      0.000     0.000 r  clk (IN)
                         net (fo=0)                   0.000     0.000    clk_IBUF_inst/I
                         INBUF (Prop_INBUF_PAD_O)     0.353     0.353 r  clk_IBUF_inst/INBUF_INST/O
                         net (fo=1, unplaced)         0.000     0.353    clk_IBUF_inst/OUT
                         IBUFCTRL (Prop_IBUFCTRL_I_O)
                                                      0.000     0.353 r  clk_IBUF_inst/IBUFCTRL_INST/O
                         net (fo=1, unplaced)         0.147     0.500    clk_IBUF
                         BUFGCE (Prop_BUFGCE_I_O)     0.019     0.519 r  clk_IBUF_BUFG_inst/O
                         net (fo=5391, unplaced)      1.259     1.778    clk_IBUF_BUFG
                         FDCE                                         r  pipeline_stage[10].curr_key_reg_reg[10][11]/C
                         clock pessimism             -0.218     1.560    
                         FDCE (Hold_FDCE_C_D)         0.046     1.606    pipeline_stage[10].curr_key_reg_reg[10][11]
  -------------------------------------------------------------------
                         required time                         -1.606    
                         arrival time                           1.539    
  -------------------------------------------------------------------
                         slack                                 -0.067    

Slack (VIOLATED) :        -0.067ns  (arrival time - required time)
  Source:                 pipeline_stage[9].prev_key_reg_reg[9][12]/C
                            (rising edge-triggered cell FDCE clocked by clk  {rise@0.000ns fall@10.000ns period=20.000ns})
  Destination:            pipeline_stage[10].curr_key_reg_reg[10][12]/D
                            (rising edge-triggered cell FDCE clocked by clk  {rise@0.000ns fall@10.000ns period=20.000ns})
  Path Group:             clk
  Path Type:              Hold (Min at Fast Process Corner)
  Requirement:            0.000ns  (clk rise@0.000ns - clk rise@0.000ns)
  Data Path Delay:        0.124ns  (logic 0.061ns (49.194%)  route 0.063ns (50.806%))
  Logic Levels:           1  (LUT5=1)
  Clock Path Skew:        0.145ns (DCD - SCD - CPR)
    Destination Clock Delay (DCD):    1.778ns
    Source Clock Delay      (SCD):    1.415ns
    Clock Pessimism Removal (CPR):    0.218ns

    Location             Delay type                Incr(ns)  Path(ns)    Netlist Resource(s)
  -------------------------------------------------------------------    -------------------
                         (clock clk rise edge)        0.000     0.000 r  
                                                      0.000     0.000 r  clk (IN)
                         net (fo=0)                   0.000     0.000    clk_IBUF_inst/I
                         INBUF (Prop_INBUF_PAD_O)     0.168     0.168 r  clk_IBUF_inst/INBUF_INST/O
                         net (fo=1, unplaced)         0.000     0.168    clk_IBUF_inst/OUT
                         IBUFCTRL (Prop_IBUFCTRL_I_O)
                                                      0.000     0.168 r  clk_IBUF_inst/IBUFCTRL_INST/O
                         net (fo=1, unplaced)         0.116     0.284    clk_IBUF
                         BUFGCE (Prop_BUFGCE_I_O)     0.017     0.301 r  clk_IBUF_BUFG_inst/O
                         net (fo=5391, unplaced)      1.114     1.415    clk_IBUF_BUFG
                         FDCE                                         r  pipeline_stage[9].prev_key_reg_reg[9][12]/C
  -------------------------------------------------------------------    -------------------
                         FDCE (Prop_FDCE_C_Q)         0.038     1.453 r  pipeline_stage[9].prev_key_reg_reg[9][12]/Q
                         net (fo=1, unplaced)         0.047     1.500    pipeline_stage[10].u_keyexp/pipeline_stage[9].prev_key_reg_reg[9][12]
                         LUT5 (Prop_LUT5_I4_O)        0.023     1.523 r  pipeline_stage[10].u_keyexp/pipeline_stage[10].curr_key_reg[10][12]_i_1/O
                         net (fo=1, unplaced)         0.016     1.539    pipeline_stage[10].next_key[12]
                         FDCE                                         r  pipeline_stage[10].curr_key_reg_reg[10][12]/D
  -------------------------------------------------------------------    -------------------

                         (clock clk rise edge)        0.000     0.000 r  
                                                      0.000     0.000 r  clk (IN)
                         net (fo=0)                   0.000     0.000    clk_IBUF_inst/I
                         INBUF (Prop_INBUF_PAD_O)     0.353     0.353 r  clk_IBUF_inst/INBUF_INST/O
                         net (fo=1, unplaced)         0.000     0.353    clk_IBUF_inst/OUT
                         IBUFCTRL (Prop_IBUFCTRL_I_O)
                                                      0.000     0.353 r  clk_IBUF_inst/IBUFCTRL_INST/O
                         net (fo=1, unplaced)         0.147     0.500    clk_IBUF
                         BUFGCE (Prop_BUFGCE_I_O)     0.019     0.519 r  clk_IBUF_BUFG_inst/O
                         net (fo=5391, unplaced)      1.259     1.778    clk_IBUF_BUFG
                         FDCE                                         r  pipeline_stage[10].curr_key_reg_reg[10][12]/C
                         clock pessimism             -0.218     1.560    
                         FDCE (Hold_FDCE_C_D)         0.046     1.606    pipeline_stage[10].curr_key_reg_reg[10][12]
  -------------------------------------------------------------------
                         required time                         -1.606    
                         arrival time                           1.539    
  -------------------------------------------------------------------
                         slack                                 -0.067    

Slack (VIOLATED) :        -0.067ns  (arrival time - required time)
  Source:                 pipeline_stage[9].prev_key_reg_reg[9][13]/C
                            (rising edge-triggered cell FDCE clocked by clk  {rise@0.000ns fall@10.000ns period=20.000ns})
  Destination:            pipeline_stage[10].curr_key_reg_reg[10][13]/D
                            (rising edge-triggered cell FDCE clocked by clk  {rise@0.000ns fall@10.000ns period=20.000ns})
  Path Group:             clk
  Path Type:              Hold (Min at Fast Process Corner)
  Requirement:            0.000ns  (clk rise@0.000ns - clk rise@0.000ns)
  Data Path Delay:        0.124ns  (logic 0.061ns (49.194%)  route 0.063ns (50.806%))
  Logic Levels:           1  (LUT5=1)
  Clock Path Skew:        0.145ns (DCD - SCD - CPR)
    Destination Clock Delay (DCD):    1.778ns
    Source Clock Delay      (SCD):    1.415ns
    Clock Pessimism Removal (CPR):    0.218ns

    Location             Delay type                Incr(ns)  Path(ns)    Netlist Resource(s)
  -------------------------------------------------------------------    -------------------
                         (clock clk rise edge)        0.000     0.000 r  
                                                      0.000     0.000 r  clk (IN)
                         net (fo=0)                   0.000     0.000    clk_IBUF_inst/I
                         INBUF (Prop_INBUF_PAD_O)     0.168     0.168 r  clk_IBUF_inst/INBUF_INST/O
                         net (fo=1, unplaced)         0.000     0.168    clk_IBUF_inst/OUT
                         IBUFCTRL (Prop_IBUFCTRL_I_O)
                                                      0.000     0.168 r  clk_IBUF_inst/IBUFCTRL_INST/O
                         net (fo=1, unplaced)         0.116     0.284    clk_IBUF
                         BUFGCE (Prop_BUFGCE_I_O)     0.017     0.301 r  clk_IBUF_BUFG_inst/O
                         net (fo=5391, unplaced)      1.114     1.415    clk_IBUF_BUFG
                         FDCE                                         r  pipeline_stage[9].prev_key_reg_reg[9][13]/C
  -------------------------------------------------------------------    -------------------
                         FDCE (Prop_FDCE_C_Q)         0.038     1.453 r  pipeline_stage[9].prev_key_reg_reg[9][13]/Q
                         net (fo=1, unplaced)         0.047     1.500    pipeline_stage[10].u_keyexp/pipeline_stage[9].prev_key_reg_reg[9][13]
                         LUT5 (Prop_LUT5_I4_O)        0.023     1.523 r  pipeline_stage[10].u_keyexp/pipeline_stage[10].curr_key_reg[10][13]_i_1/O
                         net (fo=1, unplaced)         0.016     1.539    pipeline_stage[10].next_key[13]
                         FDCE                                         r  pipeline_stage[10].curr_key_reg_reg[10][13]/D
  -------------------------------------------------------------------    -------------------

                         (clock clk rise edge)        0.000     0.000 r  
                                                      0.000     0.000 r  clk (IN)
                         net (fo=0)                   0.000     0.000    clk_IBUF_inst/I
                         INBUF (Prop_INBUF_PAD_O)     0.353     0.353 r  clk_IBUF_inst/INBUF_INST/O
                         net (fo=1, unplaced)         0.000     0.353    clk_IBUF_inst/OUT
                         IBUFCTRL (Prop_IBUFCTRL_I_O)
                                                      0.000     0.353 r  clk_IBUF_inst/IBUFCTRL_INST/O
                         net (fo=1, unplaced)         0.147     0.500    clk_IBUF
                         BUFGCE (Prop_BUFGCE_I_O)     0.019     0.519 r  clk_IBUF_BUFG_inst/O
                         net (fo=5391, unplaced)      1.259     1.778    clk_IBUF_BUFG
                         FDCE                                         r  pipeline_stage[10].curr_key_reg_reg[10][13]/C
                         clock pessimism             -0.218     1.560    
                         FDCE (Hold_FDCE_C_D)         0.046     1.606    pipeline_stage[10].curr_key_reg_reg[10][13]
  -------------------------------------------------------------------
                         required time                         -1.606    
                         arrival time                           1.539    
  -------------------------------------------------------------------
                         slack                                 -0.067    

Slack (VIOLATED) :        -0.067ns  (arrival time - required time)
  Source:                 pipeline_stage[9].prev_key_reg_reg[9][14]/C
                            (rising edge-triggered cell FDCE clocked by clk  {rise@0.000ns fall@10.000ns period=20.000ns})
  Destination:            pipeline_stage[10].curr_key_reg_reg[10][14]/D
                            (rising edge-triggered cell FDCE clocked by clk  {rise@0.000ns fall@10.000ns period=20.000ns})
  Path Group:             clk
  Path Type:              Hold (Min at Fast Process Corner)
  Requirement:            0.000ns  (clk rise@0.000ns - clk rise@0.000ns)
  Data Path Delay:        0.124ns  (logic 0.061ns (49.194%)  route 0.063ns (50.806%))
  Logic Levels:           1  (LUT5=1)
  Clock Path Skew:        0.145ns (DCD - SCD - CPR)
    Destination Clock Delay (DCD):    1.778ns
    Source Clock Delay      (SCD):    1.415ns
    Clock Pessimism Removal (CPR):    0.218ns

    Location             Delay type                Incr(ns)  Path(ns)    Netlist Resource(s)
  -------------------------------------------------------------------    -------------------
                         (clock clk rise edge)        0.000     0.000 r  
                                                      0.000     0.000 r  clk (IN)
                         net (fo=0)                   0.000     0.000    clk_IBUF_inst/I
                         INBUF (Prop_INBUF_PAD_O)     0.168     0.168 r  clk_IBUF_inst/INBUF_INST/O
                         net (fo=1, unplaced)         0.000     0.168    clk_IBUF_inst/OUT
                         IBUFCTRL (Prop_IBUFCTRL_I_O)
                                                      0.000     0.168 r  clk_IBUF_inst/IBUFCTRL_INST/O
                         net (fo=1, unplaced)         0.116     0.284    clk_IBUF
                         BUFGCE (Prop_BUFGCE_I_O)     0.017     0.301 r  clk_IBUF_BUFG_inst/O
                         net (fo=5391, unplaced)      1.114     1.415    clk_IBUF_BUFG
                         FDCE                                         r  pipeline_stage[9].prev_key_reg_reg[9][14]/C
  -------------------------------------------------------------------    -------------------
                         FDCE (Prop_FDCE_C_Q)         0.038     1.453 r  pipeline_stage[9].prev_key_reg_reg[9][14]/Q
                         net (fo=1, unplaced)         0.047     1.500    pipeline_stage[10].u_keyexp/pipeline_stage[9].prev_key_reg_reg[9][14]
                         LUT5 (Prop_LUT5_I4_O)        0.023     1.523 r  pipeline_stage[10].u_keyexp/pipeline_stage[10].curr_key_reg[10][14]_i_1/O
                         net (fo=1, unplaced)         0.016     1.539    pipeline_stage[10].next_key[14]
                         FDCE                                         r  pipeline_stage[10].curr_key_reg_reg[10][14]/D
  -------------------------------------------------------------------    -------------------

                         (clock clk rise edge)        0.000     0.000 r  
                                                      0.000     0.000 r  clk (IN)
                         net (fo=0)                   0.000     0.000    clk_IBUF_inst/I
                         INBUF (Prop_INBUF_PAD_O)     0.353     0.353 r  clk_IBUF_inst/INBUF_INST/O
                         net (fo=1, unplaced)         0.000     0.353    clk_IBUF_inst/OUT
                         IBUFCTRL (Prop_IBUFCTRL_I_O)
                                                      0.000     0.353 r  clk_IBUF_inst/IBUFCTRL_INST/O
                         net (fo=1, unplaced)         0.147     0.500    clk_IBUF
                         BUFGCE (Prop_BUFGCE_I_O)     0.019     0.519 r  clk_IBUF_BUFG_inst/O
                         net (fo=5391, unplaced)      1.259     1.778    clk_IBUF_BUFG
                         FDCE                                         r  pipeline_stage[10].curr_key_reg_reg[10][14]/C
                         clock pessimism             -0.218     1.560    
                         FDCE (Hold_FDCE_C_D)         0.046     1.606    pipeline_stage[10].curr_key_reg_reg[10][14]
  -------------------------------------------------------------------
                         required time                         -1.606    
                         arrival time                           1.539    
  -------------------------------------------------------------------
                         slack                                 -0.067    

Slack (VIOLATED) :        -0.067ns  (arrival time - required time)
  Source:                 pipeline_stage[9].prev_key_reg_reg[9][15]/C
                            (rising edge-triggered cell FDCE clocked by clk  {rise@0.000ns fall@10.000ns period=20.000ns})
  Destination:            pipeline_stage[10].curr_key_reg_reg[10][15]/D
                            (rising edge-triggered cell FDCE clocked by clk  {rise@0.000ns fall@10.000ns period=20.000ns})
  Path Group:             clk
  Path Type:              Hold (Min at Fast Process Corner)
  Requirement:            0.000ns  (clk rise@0.000ns - clk rise@0.000ns)
  Data Path Delay:        0.124ns  (logic 0.061ns (49.194%)  route 0.063ns (50.806%))
  Logic Levels:           1  (LUT5=1)
  Clock Path Skew:        0.145ns (DCD - SCD - CPR)
    Destination Clock Delay (DCD):    1.778ns
    Source Clock Delay      (SCD):    1.415ns
    Clock Pessimism Removal (CPR):    0.218ns

    Location             Delay type                Incr(ns)  Path(ns)    Netlist Resource(s)
  -------------------------------------------------------------------    -------------------
                         (clock clk rise edge)        0.000     0.000 r  
                                                      0.000     0.000 r  clk (IN)
                         net (fo=0)                   0.000     0.000    clk_IBUF_inst/I
                         INBUF (Prop_INBUF_PAD_O)     0.168     0.168 r  clk_IBUF_inst/INBUF_INST/O
                         net (fo=1, unplaced)         0.000     0.168    clk_IBUF_inst/OUT
                         IBUFCTRL (Prop_IBUFCTRL_I_O)
                                                      0.000     0.168 r  clk_IBUF_inst/IBUFCTRL_INST/O
                         net (fo=1, unplaced)         0.116     0.284    clk_IBUF
                         BUFGCE (Prop_BUFGCE_I_O)     0.017     0.301 r  clk_IBUF_BUFG_inst/O
                         net (fo=5391, unplaced)      1.114     1.415    clk_IBUF_BUFG
                         FDCE                                         r  pipeline_stage[9].prev_key_reg_reg[9][15]/C
  -------------------------------------------------------------------    -------------------
                         FDCE (Prop_FDCE_C_Q)         0.038     1.453 r  pipeline_stage[9].prev_key_reg_reg[9][15]/Q
                         net (fo=1, unplaced)         0.047     1.500    pipeline_stage[10].u_keyexp/pipeline_stage[9].prev_key_reg_reg[9][15]
                         LUT5 (Prop_LUT5_I4_O)        0.023     1.523 r  pipeline_stage[10].u_keyexp/pipeline_stage[10].curr_key_reg[10][15]_i_1/O
                         net (fo=1, unplaced)         0.016     1.539    pipeline_stage[10].next_key[15]
                         FDCE                                         r  pipeline_stage[10].curr_key_reg_reg[10][15]/D
  -------------------------------------------------------------------    -------------------

                         (clock clk rise edge)        0.000     0.000 r  
                                                      0.000     0.000 r  clk (IN)
                         net (fo=0)                   0.000     0.000    clk_IBUF_inst/I
                         INBUF (Prop_INBUF_PAD_O)     0.353     0.353 r  clk_IBUF_inst/INBUF_INST/O
                         net (fo=1, unplaced)         0.000     0.353    clk_IBUF_inst/OUT
                         IBUFCTRL (Prop_IBUFCTRL_I_O)
                                                      0.000     0.353 r  clk_IBUF_inst/IBUFCTRL_INST/O
                         net (fo=1, unplaced)         0.147     0.500    clk_IBUF
                         BUFGCE (Prop_BUFGCE_I_O)     0.019     0.519 r  clk_IBUF_BUFG_inst/O
                         net (fo=5391, unplaced)      1.259     1.778    clk_IBUF_BUFG
                         FDCE                                         r  pipeline_stage[10].curr_key_reg_reg[10][15]/C
                         clock pessimism             -0.218     1.560    
                         FDCE (Hold_FDCE_C_D)         0.046     1.606    pipeline_stage[10].curr_key_reg_reg[10][15]
  -------------------------------------------------------------------
                         required time                         -1.606    
                         arrival time                           1.539    
  -------------------------------------------------------------------
                         slack                                 -0.067    

Slack (VIOLATED) :        -0.067ns  (arrival time - required time)
  Source:                 pipeline_stage[9].prev_key_reg_reg[9][16]/C
                            (rising edge-triggered cell FDCE clocked by clk  {rise@0.000ns fall@10.000ns period=20.000ns})
  Destination:            pipeline_stage[10].curr_key_reg_reg[10][16]/D
                            (rising edge-triggered cell FDCE clocked by clk  {rise@0.000ns fall@10.000ns period=20.000ns})
  Path Group:             clk
  Path Type:              Hold (Min at Fast Process Corner)
  Requirement:            0.000ns  (clk rise@0.000ns - clk rise@0.000ns)
  Data Path Delay:        0.124ns  (logic 0.061ns (49.194%)  route 0.063ns (50.806%))
  Logic Levels:           1  (LUT5=1)
  Clock Path Skew:        0.145ns (DCD - SCD - CPR)
    Destination Clock Delay (DCD):    1.778ns
    Source Clock Delay      (SCD):    1.415ns
    Clock Pessimism Removal (CPR):    0.218ns

    Location             Delay type                Incr(ns)  Path(ns)    Netlist Resource(s)
  -------------------------------------------------------------------    -------------------
                         (clock clk rise edge)        0.000     0.000 r  
                                                      0.000     0.000 r  clk (IN)
                         net (fo=0)                   0.000     0.000    clk_IBUF_inst/I
                         INBUF (Prop_INBUF_PAD_O)     0.168     0.168 r  clk_IBUF_inst/INBUF_INST/O
                         net (fo=1, unplaced)         0.000     0.168    clk_IBUF_inst/OUT
                         IBUFCTRL (Prop_IBUFCTRL_I_O)
                                                      0.000     0.168 r  clk_IBUF_inst/IBUFCTRL_INST/O
                         net (fo=1, unplaced)         0.116     0.284    clk_IBUF
                         BUFGCE (Prop_BUFGCE_I_O)     0.017     0.301 r  clk_IBUF_BUFG_inst/O
                         net (fo=5391, unplaced)      1.114     1.415    clk_IBUF_BUFG
                         FDCE                                         r  pipeline_stage[9].prev_key_reg_reg[9][16]/C
  -------------------------------------------------------------------    -------------------
                         FDCE (Prop_FDCE_C_Q)         0.038     1.453 r  pipeline_stage[9].prev_key_reg_reg[9][16]/Q
                         net (fo=1, unplaced)         0.047     1.500    pipeline_stage[10].u_keyexp/pipeline_stage[9].prev_key_reg_reg[9][16]
                         LUT5 (Prop_LUT5_I4_O)        0.023     1.523 r  pipeline_stage[10].u_keyexp/pipeline_stage[10].curr_key_reg[10][16]_i_1/O
                         net (fo=1, unplaced)         0.016     1.539    pipeline_stage[10].next_key[16]
                         FDCE                                         r  pipeline_stage[10].curr_key_reg_reg[10][16]/D
  -------------------------------------------------------------------    -------------------

                         (clock clk rise edge)        0.000     0.000 r  
                                                      0.000     0.000 r  clk (IN)
                         net (fo=0)                   0.000     0.000    clk_IBUF_inst/I
                         INBUF (Prop_INBUF_PAD_O)     0.353     0.353 r  clk_IBUF_inst/INBUF_INST/O
                         net (fo=1, unplaced)         0.000     0.353    clk_IBUF_inst/OUT
                         IBUFCTRL (Prop_IBUFCTRL_I_O)
                                                      0.000     0.353 r  clk_IBUF_inst/IBUFCTRL_INST/O
                         net (fo=1, unplaced)         0.147     0.500    clk_IBUF
                         BUFGCE (Prop_BUFGCE_I_O)     0.019     0.519 r  clk_IBUF_BUFG_inst/O
                         net (fo=5391, unplaced)      1.259     1.778    clk_IBUF_BUFG
                         FDCE                                         r  pipeline_stage[10].curr_key_reg_reg[10][16]/C
                         clock pessimism             -0.218     1.560    
                         FDCE (Hold_FDCE_C_D)         0.046     1.606    pipeline_stage[10].curr_key_reg_reg[10][16]
  -------------------------------------------------------------------
                         required time                         -1.606    
                         arrival time                           1.539    
  -------------------------------------------------------------------
                         slack                                 -0.067    

Slack (VIOLATED) :        -0.067ns  (arrival time - required time)
  Source:                 pipeline_stage[9].prev_key_reg_reg[9][17]/C
                            (rising edge-triggered cell FDCE clocked by clk  {rise@0.000ns fall@10.000ns period=20.000ns})
  Destination:            pipeline_stage[10].curr_key_reg_reg[10][17]/D
                            (rising edge-triggered cell FDCE clocked by clk  {rise@0.000ns fall@10.000ns period=20.000ns})
  Path Group:             clk
  Path Type:              Hold (Min at Fast Process Corner)
  Requirement:            0.000ns  (clk rise@0.000ns - clk rise@0.000ns)
  Data Path Delay:        0.124ns  (logic 0.061ns (49.194%)  route 0.063ns (50.806%))
  Logic Levels:           1  (LUT5=1)
  Clock Path Skew:        0.145ns (DCD - SCD - CPR)
    Destination Clock Delay (DCD):    1.778ns
    Source Clock Delay      (SCD):    1.415ns
    Clock Pessimism Removal (CPR):    0.218ns

    Location             Delay type                Incr(ns)  Path(ns)    Netlist Resource(s)
  -------------------------------------------------------------------    -------------------
                         (clock clk rise edge)        0.000     0.000 r  
                                                      0.000     0.000 r  clk (IN)
                         net (fo=0)                   0.000     0.000    clk_IBUF_inst/I
                         INBUF (Prop_INBUF_PAD_O)     0.168     0.168 r  clk_IBUF_inst/INBUF_INST/O
                         net (fo=1, unplaced)         0.000     0.168    clk_IBUF_inst/OUT
                         IBUFCTRL (Prop_IBUFCTRL_I_O)
                                                      0.000     0.168 r  clk_IBUF_inst/IBUFCTRL_INST/O
                         net (fo=1, unplaced)         0.116     0.284    clk_IBUF
                         BUFGCE (Prop_BUFGCE_I_O)     0.017     0.301 r  clk_IBUF_BUFG_inst/O
                         net (fo=5391, unplaced)      1.114     1.415    clk_IBUF_BUFG
                         FDCE                                         r  pipeline_stage[9].prev_key_reg_reg[9][17]/C
  -------------------------------------------------------------------    -------------------
                         FDCE (Prop_FDCE_C_Q)         0.038     1.453 r  pipeline_stage[9].prev_key_reg_reg[9][17]/Q
                         net (fo=1, unplaced)         0.047     1.500    pipeline_stage[10].u_keyexp/pipeline_stage[9].prev_key_reg_reg[9][17]
                         LUT5 (Prop_LUT5_I4_O)        0.023     1.523 r  pipeline_stage[10].u_keyexp/pipeline_stage[10].curr_key_reg[10][17]_i_1/O
                         net (fo=1, unplaced)         0.016     1.539    pipeline_stage[10].next_key[17]
                         FDCE                                         r  pipeline_stage[10].curr_key_reg_reg[10][17]/D
  -------------------------------------------------------------------    -------------------

                         (clock clk rise edge)        0.000     0.000 r  
                                                      0.000     0.000 r  clk (IN)
                         net (fo=0)                   0.000     0.000    clk_IBUF_inst/I
                         INBUF (Prop_INBUF_PAD_O)     0.353     0.353 r  clk_IBUF_inst/INBUF_INST/O
                         net (fo=1, unplaced)         0.000     0.353    clk_IBUF_inst/OUT
                         IBUFCTRL (Prop_IBUFCTRL_I_O)
                                                      0.000     0.353 r  clk_IBUF_inst/IBUFCTRL_INST/O
                         net (fo=1, unplaced)         0.147     0.500    clk_IBUF
                         BUFGCE (Prop_BUFGCE_I_O)     0.019     0.519 r  clk_IBUF_BUFG_inst/O
                         net (fo=5391, unplaced)      1.259     1.778    clk_IBUF_BUFG
                         FDCE                                         r  pipeline_stage[10].curr_key_reg_reg[10][17]/C
                         clock pessimism             -0.218     1.560    
                         FDCE (Hold_FDCE_C_D)         0.046     1.606    pipeline_stage[10].curr_key_reg_reg[10][17]
  -------------------------------------------------------------------
                         required time                         -1.606    
                         arrival time                           1.539    
  -------------------------------------------------------------------
                         slack                                 -0.067    

Slack (VIOLATED) :        -0.067ns  (arrival time - required time)
  Source:                 pipeline_stage[9].prev_key_reg_reg[9][18]/C
                            (rising edge-triggered cell FDCE clocked by clk  {rise@0.000ns fall@10.000ns period=20.000ns})
  Destination:            pipeline_stage[10].curr_key_reg_reg[10][18]/D
                            (rising edge-triggered cell FDCE clocked by clk  {rise@0.000ns fall@10.000ns period=20.000ns})
  Path Group:             clk
  Path Type:              Hold (Min at Fast Process Corner)
  Requirement:            0.000ns  (clk rise@0.000ns - clk rise@0.000ns)
  Data Path Delay:        0.124ns  (logic 0.061ns (49.194%)  route 0.063ns (50.806%))
  Logic Levels:           1  (LUT5=1)
  Clock Path Skew:        0.145ns (DCD - SCD - CPR)
    Destination Clock Delay (DCD):    1.778ns
    Source Clock Delay      (SCD):    1.415ns
    Clock Pessimism Removal (CPR):    0.218ns

    Location             Delay type                Incr(ns)  Path(ns)    Netlist Resource(s)
  -------------------------------------------------------------------    -------------------
                         (clock clk rise edge)        0.000     0.000 r  
                                                      0.000     0.000 r  clk (IN)
                         net (fo=0)                   0.000     0.000    clk_IBUF_inst/I
                         INBUF (Prop_INBUF_PAD_O)     0.168     0.168 r  clk_IBUF_inst/INBUF_INST/O
                         net (fo=1, unplaced)         0.000     0.168    clk_IBUF_inst/OUT
                         IBUFCTRL (Prop_IBUFCTRL_I_O)
                                                      0.000     0.168 r  clk_IBUF_inst/IBUFCTRL_INST/O
                         net (fo=1, unplaced)         0.116     0.284    clk_IBUF
                         BUFGCE (Prop_BUFGCE_I_O)     0.017     0.301 r  clk_IBUF_BUFG_inst/O
                         net (fo=5391, unplaced)      1.114     1.415    clk_IBUF_BUFG
                         FDCE                                         r  pipeline_stage[9].prev_key_reg_reg[9][18]/C
  -------------------------------------------------------------------    -------------------
                         FDCE (Prop_FDCE_C_Q)         0.038     1.453 r  pipeline_stage[9].prev_key_reg_reg[9][18]/Q
                         net (fo=1, unplaced)         0.047     1.500    pipeline_stage[10].u_keyexp/pipeline_stage[9].prev_key_reg_reg[9][18]
                         LUT5 (Prop_LUT5_I4_O)        0.023     1.523 r  pipeline_stage[10].u_keyexp/pipeline_stage[10].curr_key_reg[10][18]_i_1/O
                         net (fo=1, unplaced)         0.016     1.539    pipeline_stage[10].next_key[18]
                         FDCE                                         r  pipeline_stage[10].curr_key_reg_reg[10][18]/D
  -------------------------------------------------------------------    -------------------

                         (clock clk rise edge)        0.000     0.000 r  
                                                      0.000     0.000 r  clk (IN)
                         net (fo=0)                   0.000     0.000    clk_IBUF_inst/I
                         INBUF (Prop_INBUF_PAD_O)     0.353     0.353 r  clk_IBUF_inst/INBUF_INST/O
                         net (fo=1, unplaced)         0.000     0.353    clk_IBUF_inst/OUT
                         IBUFCTRL (Prop_IBUFCTRL_I_O)
                                                      0.000     0.353 r  clk_IBUF_inst/IBUFCTRL_INST/O
                         net (fo=1, unplaced)         0.147     0.500    clk_IBUF
                         BUFGCE (Prop_BUFGCE_I_O)     0.019     0.519 r  clk_IBUF_BUFG_inst/O
                         net (fo=5391, unplaced)      1.259     1.778    clk_IBUF_BUFG
                         FDCE                                         r  pipeline_stage[10].curr_key_reg_reg[10][18]/C
                         clock pessimism             -0.218     1.560    
                         FDCE (Hold_FDCE_C_D)         0.046     1.606    pipeline_stage[10].curr_key_reg_reg[10][18]
  -------------------------------------------------------------------
                         required time                         -1.606    
                         arrival time                           1.539    
  -------------------------------------------------------------------
                         slack                                 -0.067    

Slack (VIOLATED) :        -0.067ns  (arrival time - required time)
  Source:                 pipeline_stage[9].prev_key_reg_reg[9][19]/C
                            (rising edge-triggered cell FDCE clocked by clk  {rise@0.000ns fall@10.000ns period=20.000ns})
  Destination:            pipeline_stage[10].curr_key_reg_reg[10][19]/D
                            (rising edge-triggered cell FDCE clocked by clk  {rise@0.000ns fall@10.000ns period=20.000ns})
  Path Group:             clk
  Path Type:              Hold (Min at Fast Process Corner)
  Requirement:            0.000ns  (clk rise@0.000ns - clk rise@0.000ns)
  Data Path Delay:        0.124ns  (logic 0.061ns (49.194%)  route 0.063ns (50.806%))
  Logic Levels:           1  (LUT5=1)
  Clock Path Skew:        0.145ns (DCD - SCD - CPR)
    Destination Clock Delay (DCD):    1.778ns
    Source Clock Delay      (SCD):    1.415ns
    Clock Pessimism Removal (CPR):    0.218ns

    Location             Delay type                Incr(ns)  Path(ns)    Netlist Resource(s)
  -------------------------------------------------------------------    -------------------
                         (clock clk rise edge)        0.000     0.000 r  
                                                      0.000     0.000 r  clk (IN)
                         net (fo=0)                   0.000     0.000    clk_IBUF_inst/I
                         INBUF (Prop_INBUF_PAD_O)     0.168     0.168 r  clk_IBUF_inst/INBUF_INST/O
                         net (fo=1, unplaced)         0.000     0.168    clk_IBUF_inst/OUT
                         IBUFCTRL (Prop_IBUFCTRL_I_O)
                                                      0.000     0.168 r  clk_IBUF_inst/IBUFCTRL_INST/O
                         net (fo=1, unplaced)         0.116     0.284    clk_IBUF
                         BUFGCE (Prop_BUFGCE_I_O)     0.017     0.301 r  clk_IBUF_BUFG_inst/O
                         net (fo=5391, unplaced)      1.114     1.415    clk_IBUF_BUFG
                         FDCE                                         r  pipeline_stage[9].prev_key_reg_reg[9][19]/C
  -------------------------------------------------------------------    -------------------
                         FDCE (Prop_FDCE_C_Q)         0.038     1.453 r  pipeline_stage[9].prev_key_reg_reg[9][19]/Q
                         net (fo=1, unplaced)         0.047     1.500    pipeline_stage[10].u_keyexp/pipeline_stage[9].prev_key_reg_reg[9][19]
                         LUT5 (Prop_LUT5_I4_O)        0.023     1.523 r  pipeline_stage[10].u_keyexp/pipeline_stage[10].curr_key_reg[10][19]_i_1/O
                         net (fo=1, unplaced)         0.016     1.539    pipeline_stage[10].next_key[19]
                         FDCE                                         r  pipeline_stage[10].curr_key_reg_reg[10][19]/D
  -------------------------------------------------------------------    -------------------

                         (clock clk rise edge)        0.000     0.000 r  
                                                      0.000     0.000 r  clk (IN)
                         net (fo=0)                   0.000     0.000    clk_IBUF_inst/I
                         INBUF (Prop_INBUF_PAD_O)     0.353     0.353 r  clk_IBUF_inst/INBUF_INST/O
                         net (fo=1, unplaced)         0.000     0.353    clk_IBUF_inst/OUT
                         IBUFCTRL (Prop_IBUFCTRL_I_O)
                                                      0.000     0.353 r  clk_IBUF_inst/IBUFCTRL_INST/O
                         net (fo=1, unplaced)         0.147     0.500    clk_IBUF
                         BUFGCE (Prop_BUFGCE_I_O)     0.019     0.519 r  clk_IBUF_BUFG_inst/O
                         net (fo=5391, unplaced)      1.259     1.778    clk_IBUF_BUFG
                         FDCE                                         r  pipeline_stage[10].curr_key_reg_reg[10][19]/C
                         clock pessimism             -0.218     1.560    
                         FDCE (Hold_FDCE_C_D)         0.046     1.606    pipeline_stage[10].curr_key_reg_reg[10][19]
  -------------------------------------------------------------------
                         required time                         -1.606    
                         arrival time                           1.539    
  -------------------------------------------------------------------
                         slack                                 -0.067    

Slack (VIOLATED) :        -0.067ns  (arrival time - required time)
  Source:                 pipeline_stage[9].prev_key_reg_reg[9][1]/C
                            (rising edge-triggered cell FDCE clocked by clk  {rise@0.000ns fall@10.000ns period=20.000ns})
  Destination:            pipeline_stage[10].curr_key_reg_reg[10][1]/D
                            (rising edge-triggered cell FDCE clocked by clk  {rise@0.000ns fall@10.000ns period=20.000ns})
  Path Group:             clk
  Path Type:              Hold (Min at Fast Process Corner)
  Requirement:            0.000ns  (clk rise@0.000ns - clk rise@0.000ns)
  Data Path Delay:        0.124ns  (logic 0.061ns (49.194%)  route 0.063ns (50.806%))
  Logic Levels:           1  (LUT5=1)
  Clock Path Skew:        0.145ns (DCD - SCD - CPR)
    Destination Clock Delay (DCD):    1.778ns
    Source Clock Delay      (SCD):    1.415ns
    Clock Pessimism Removal (CPR):    0.218ns

    Location             Delay type                Incr(ns)  Path(ns)    Netlist Resource(s)
  -------------------------------------------------------------------    -------------------
                         (clock clk rise edge)        0.000     0.000 r  
                                                      0.000     0.000 r  clk (IN)
                         net (fo=0)                   0.000     0.000    clk_IBUF_inst/I
                         INBUF (Prop_INBUF_PAD_O)     0.168     0.168 r  clk_IBUF_inst/INBUF_INST/O
                         net (fo=1, unplaced)         0.000     0.168    clk_IBUF_inst/OUT
                         IBUFCTRL (Prop_IBUFCTRL_I_O)
                                                      0.000     0.168 r  clk_IBUF_inst/IBUFCTRL_INST/O
                         net (fo=1, unplaced)         0.116     0.284    clk_IBUF
                         BUFGCE (Prop_BUFGCE_I_O)     0.017     0.301 r  clk_IBUF_BUFG_inst/O
                         net (fo=5391, unplaced)      1.114     1.415    clk_IBUF_BUFG
                         FDCE                                         r  pipeline_stage[9].prev_key_reg_reg[9][1]/C
  -------------------------------------------------------------------    -------------------
                         FDCE (Prop_FDCE_C_Q)         0.038     1.453 r  pipeline_stage[9].prev_key_reg_reg[9][1]/Q
                         net (fo=1, unplaced)         0.047     1.500    pipeline_stage[10].u_keyexp/pipeline_stage[9].prev_key_reg_reg[9][1]
                         LUT5 (Prop_LUT5_I4_O)        0.023     1.523 r  pipeline_stage[10].u_keyexp/pipeline_stage[10].curr_key_reg[10][1]_i_1/O
                         net (fo=1, unplaced)         0.016     1.539    pipeline_stage[10].next_key[1]
                         FDCE                                         r  pipeline_stage[10].curr_key_reg_reg[10][1]/D
  -------------------------------------------------------------------    -------------------

                         (clock clk rise edge)        0.000     0.000 r  
                                                      0.000     0.000 r  clk (IN)
                         net (fo=0)                   0.000     0.000    clk_IBUF_inst/I
                         INBUF (Prop_INBUF_PAD_O)     0.353     0.353 r  clk_IBUF_inst/INBUF_INST/O
                         net (fo=1, unplaced)         0.000     0.353    clk_IBUF_inst/OUT
                         IBUFCTRL (Prop_IBUFCTRL_I_O)
                                                      0.000     0.353 r  clk_IBUF_inst/IBUFCTRL_INST/O
                         net (fo=1, unplaced)         0.147     0.500    clk_IBUF
                         BUFGCE (Prop_BUFGCE_I_O)     0.019     0.519 r  clk_IBUF_BUFG_inst/O
                         net (fo=5391, unplaced)      1.259     1.778    clk_IBUF_BUFG
                         FDCE                                         r  pipeline_stage[10].curr_key_reg_reg[10][1]/C
                         clock pessimism             -0.218     1.560    
                         FDCE (Hold_FDCE_C_D)         0.046     1.606    pipeline_stage[10].curr_key_reg_reg[10][1]
  -------------------------------------------------------------------
                         required time                         -1.606    
                         arrival time                           1.539    
  -------------------------------------------------------------------
                         slack                                 -0.067    

Slack (VIOLATED) :        -0.067ns  (arrival time - required time)
  Source:                 pipeline_stage[9].prev_key_reg_reg[9][20]/C
                            (rising edge-triggered cell FDCE clocked by clk  {rise@0.000ns fall@10.000ns period=20.000ns})
  Destination:            pipeline_stage[10].curr_key_reg_reg[10][20]/D
                            (rising edge-triggered cell FDCE clocked by clk  {rise@0.000ns fall@10.000ns period=20.000ns})
  Path Group:             clk
  Path Type:              Hold (Min at Fast Process Corner)
  Requirement:            0.000ns  (clk rise@0.000ns - clk rise@0.000ns)
  Data Path Delay:        0.124ns  (logic 0.061ns (49.194%)  route 0.063ns (50.806%))
  Logic Levels:           1  (LUT5=1)
  Clock Path Skew:        0.145ns (DCD - SCD - CPR)
    Destination Clock Delay (DCD):    1.778ns
    Source Clock Delay      (SCD):    1.415ns
    Clock Pessimism Removal (CPR):    0.218ns

    Location             Delay type                Incr(ns)  Path(ns)    Netlist Resource(s)
  -------------------------------------------------------------------    -------------------
                         (clock clk rise edge)        0.000     0.000 r  
                                                      0.000     0.000 r  clk (IN)
                         net (fo=0)                   0.000     0.000    clk_IBUF_inst/I
                         INBUF (Prop_INBUF_PAD_O)     0.168     0.168 r  clk_IBUF_inst/INBUF_INST/O
                         net (fo=1, unplaced)         0.000     0.168    clk_IBUF_inst/OUT
                         IBUFCTRL (Prop_IBUFCTRL_I_O)
                                                      0.000     0.168 r  clk_IBUF_inst/IBUFCTRL_INST/O
                         net (fo=1, unplaced)         0.116     0.284    clk_IBUF
                         BUFGCE (Prop_BUFGCE_I_O)     0.017     0.301 r  clk_IBUF_BUFG_inst/O
                         net (fo=5391, unplaced)      1.114     1.415    clk_IBUF_BUFG
                         FDCE                                         r  pipeline_stage[9].prev_key_reg_reg[9][20]/C
  -------------------------------------------------------------------    -------------------
                         FDCE (Prop_FDCE_C_Q)         0.038     1.453 r  pipeline_stage[9].prev_key_reg_reg[9][20]/Q
                         net (fo=1, unplaced)         0.047     1.500    pipeline_stage[10].u_keyexp/pipeline_stage[9].prev_key_reg_reg[9][20]
                         LUT5 (Prop_LUT5_I4_O)        0.023     1.523 r  pipeline_stage[10].u_keyexp/pipeline_stage[10].curr_key_reg[10][20]_i_1/O
                         net (fo=1, unplaced)         0.016     1.539    pipeline_stage[10].next_key[20]
                         FDCE                                         r  pipeline_stage[10].curr_key_reg_reg[10][20]/D
  -------------------------------------------------------------------    -------------------

                         (clock clk rise edge)        0.000     0.000 r  
                                                      0.000     0.000 r  clk (IN)
                         net (fo=0)                   0.000     0.000    clk_IBUF_inst/I
                         INBUF (Prop_INBUF_PAD_O)     0.353     0.353 r  clk_IBUF_inst/INBUF_INST/O
                         net (fo=1, unplaced)         0.000     0.353    clk_IBUF_inst/OUT
                         IBUFCTRL (Prop_IBUFCTRL_I_O)
                                                      0.000     0.353 r  clk_IBUF_inst/IBUFCTRL_INST/O
                         net (fo=1, unplaced)         0.147     0.500    clk_IBUF
                         BUFGCE (Prop_BUFGCE_I_O)     0.019     0.519 r  clk_IBUF_BUFG_inst/O
                         net (fo=5391, unplaced)      1.259     1.778    clk_IBUF_BUFG
                         FDCE                                         r  pipeline_stage[10].curr_key_reg_reg[10][20]/C
                         clock pessimism             -0.218     1.560    
                         FDCE (Hold_FDCE_C_D)         0.046     1.606    pipeline_stage[10].curr_key_reg_reg[10][20]
  -------------------------------------------------------------------
                         required time                         -1.606    
                         arrival time                           1.539    
  -------------------------------------------------------------------
                         slack                                 -0.067    

Slack (VIOLATED) :        -0.067ns  (arrival time - required time)
  Source:                 pipeline_stage[9].prev_key_reg_reg[9][21]/C
                            (rising edge-triggered cell FDCE clocked by clk  {rise@0.000ns fall@10.000ns period=20.000ns})
  Destination:            pipeline_stage[10].curr_key_reg_reg[10][21]/D
                            (rising edge-triggered cell FDCE clocked by clk  {rise@0.000ns fall@10.000ns period=20.000ns})
  Path Group:             clk
  Path Type:              Hold (Min at Fast Process Corner)
  Requirement:            0.000ns  (clk rise@0.000ns - clk rise@0.000ns)
  Data Path Delay:        0.124ns  (logic 0.061ns (49.194%)  route 0.063ns (50.806%))
  Logic Levels:           1  (LUT5=1)
  Clock Path Skew:        0.145ns (DCD - SCD - CPR)
    Destination Clock Delay (DCD):    1.778ns
    Source Clock Delay      (SCD):    1.415ns
    Clock Pessimism Removal (CPR):    0.218ns

    Location             Delay type                Incr(ns)  Path(ns)    Netlist Resource(s)
  -------------------------------------------------------------------    -------------------
                         (clock clk rise edge)        0.000     0.000 r  
                                                      0.000     0.000 r  clk (IN)
                         net (fo=0)                   0.000     0.000    clk_IBUF_inst/I
                         INBUF (Prop_INBUF_PAD_O)     0.168     0.168 r  clk_IBUF_inst/INBUF_INST/O
                         net (fo=1, unplaced)         0.000     0.168    clk_IBUF_inst/OUT
                         IBUFCTRL (Prop_IBUFCTRL_I_O)
                                                      0.000     0.168 r  clk_IBUF_inst/IBUFCTRL_INST/O
                         net (fo=1, unplaced)         0.116     0.284    clk_IBUF
                         BUFGCE (Prop_BUFGCE_I_O)     0.017     0.301 r  clk_IBUF_BUFG_inst/O
                         net (fo=5391, unplaced)      1.114     1.415    clk_IBUF_BUFG
                         FDCE                                         r  pipeline_stage[9].prev_key_reg_reg[9][21]/C
  -------------------------------------------------------------------    -------------------
                         FDCE (Prop_FDCE_C_Q)         0.038     1.453 r  pipeline_stage[9].prev_key_reg_reg[9][21]/Q
                         net (fo=1, unplaced)         0.047     1.500    pipeline_stage[10].u_keyexp/pipeline_stage[9].prev_key_reg_reg[9][21]
                         LUT5 (Prop_LUT5_I4_O)        0.023     1.523 r  pipeline_stage[10].u_keyexp/pipeline_stage[10].curr_key_reg[10][21]_i_1/O
                         net (fo=1, unplaced)         0.016     1.539    pipeline_stage[10].next_key[21]
                         FDCE                                         r  pipeline_stage[10].curr_key_reg_reg[10][21]/D
  -------------------------------------------------------------------    -------------------

                         (clock clk rise edge)        0.000     0.000 r  
                                                      0.000     0.000 r  clk (IN)
                         net (fo=0)                   0.000     0.000    clk_IBUF_inst/I
                         INBUF (Prop_INBUF_PAD_O)     0.353     0.353 r  clk_IBUF_inst/INBUF_INST/O
                         net (fo=1, unplaced)         0.000     0.353    clk_IBUF_inst/OUT
                         IBUFCTRL (Prop_IBUFCTRL_I_O)
                                                      0.000     0.353 r  clk_IBUF_inst/IBUFCTRL_INST/O
                         net (fo=1, unplaced)         0.147     0.500    clk_IBUF
                         BUFGCE (Prop_BUFGCE_I_O)     0.019     0.519 r  clk_IBUF_BUFG_inst/O
                         net (fo=5391, unplaced)      1.259     1.778    clk_IBUF_BUFG
                         FDCE                                         r  pipeline_stage[10].curr_key_reg_reg[10][21]/C
                         clock pessimism             -0.218     1.560    
                         FDCE (Hold_FDCE_C_D)         0.046     1.606    pipeline_stage[10].curr_key_reg_reg[10][21]
  -------------------------------------------------------------------
                         required time                         -1.606    
                         arrival time                           1.539    
  -------------------------------------------------------------------
                         slack                                 -0.067    

Slack (VIOLATED) :        -0.067ns  (arrival time - required time)
  Source:                 pipeline_stage[9].prev_key_reg_reg[9][22]/C
                            (rising edge-triggered cell FDCE clocked by clk  {rise@0.000ns fall@10.000ns period=20.000ns})
  Destination:            pipeline_stage[10].curr_key_reg_reg[10][22]/D
                            (rising edge-triggered cell FDCE clocked by clk  {rise@0.000ns fall@10.000ns period=20.000ns})
  Path Group:             clk
  Path Type:              Hold (Min at Fast Process Corner)
  Requirement:            0.000ns  (clk rise@0.000ns - clk rise@0.000ns)
  Data Path Delay:        0.124ns  (logic 0.061ns (49.194%)  route 0.063ns (50.806%))
  Logic Levels:           1  (LUT5=1)
  Clock Path Skew:        0.145ns (DCD - SCD - CPR)
    Destination Clock Delay (DCD):    1.778ns
    Source Clock Delay      (SCD):    1.415ns
    Clock Pessimism Removal (CPR):    0.218ns

    Location             Delay type                Incr(ns)  Path(ns)    Netlist Resource(s)
  -------------------------------------------------------------------    -------------------
                         (clock clk rise edge)        0.000     0.000 r  
                                                      0.000     0.000 r  clk (IN)
                         net (fo=0)                   0.000     0.000    clk_IBUF_inst/I
                         INBUF (Prop_INBUF_PAD_O)     0.168     0.168 r  clk_IBUF_inst/INBUF_INST/O
                         net (fo=1, unplaced)         0.000     0.168    clk_IBUF_inst/OUT
                         IBUFCTRL (Prop_IBUFCTRL_I_O)
                                                      0.000     0.168 r  clk_IBUF_inst/IBUFCTRL_INST/O
                         net (fo=1, unplaced)         0.116     0.284    clk_IBUF
                         BUFGCE (Prop_BUFGCE_I_O)     0.017     0.301 r  clk_IBUF_BUFG_inst/O
                         net (fo=5391, unplaced)      1.114     1.415    clk_IBUF_BUFG
                         FDCE                                         r  pipeline_stage[9].prev_key_reg_reg[9][22]/C
  -------------------------------------------------------------------    -------------------
                         FDCE (Prop_FDCE_C_Q)         0.038     1.453 r  pipeline_stage[9].prev_key_reg_reg[9][22]/Q
                         net (fo=1, unplaced)         0.047     1.500    pipeline_stage[10].u_keyexp/pipeline_stage[9].prev_key_reg_reg[9][22]
                         LUT5 (Prop_LUT5_I4_O)        0.023     1.523 r  pipeline_stage[10].u_keyexp/pipeline_stage[10].curr_key_reg[10][22]_i_1/O
                         net (fo=1, unplaced)         0.016     1.539    pipeline_stage[10].next_key[22]
                         FDCE                                         r  pipeline_stage[10].curr_key_reg_reg[10][22]/D
  -------------------------------------------------------------------    -------------------

                         (clock clk rise edge)        0.000     0.000 r  
                                                      0.000     0.000 r  clk (IN)
                         net (fo=0)                   0.000     0.000    clk_IBUF_inst/I
                         INBUF (Prop_INBUF_PAD_O)     0.353     0.353 r  clk_IBUF_inst/INBUF_INST/O
                         net (fo=1, unplaced)         0.000     0.353    clk_IBUF_inst/OUT
                         IBUFCTRL (Prop_IBUFCTRL_I_O)
                                                      0.000     0.353 r  clk_IBUF_inst/IBUFCTRL_INST/O
                         net (fo=1, unplaced)         0.147     0.500    clk_IBUF
                         BUFGCE (Prop_BUFGCE_I_O)     0.019     0.519 r  clk_IBUF_BUFG_inst/O
                         net (fo=5391, unplaced)      1.259     1.778    clk_IBUF_BUFG
                         FDCE                                         r  pipeline_stage[10].curr_key_reg_reg[10][22]/C
                         clock pessimism             -0.218     1.560    
                         FDCE (Hold_FDCE_C_D)         0.046     1.606    pipeline_stage[10].curr_key_reg_reg[10][22]
  -------------------------------------------------------------------
                         required time                         -1.606    
                         arrival time                           1.539    
  -------------------------------------------------------------------
                         slack                                 -0.067    

Slack (VIOLATED) :        -0.067ns  (arrival time - required time)
  Source:                 pipeline_stage[9].prev_key_reg_reg[9][23]/C
                            (rising edge-triggered cell FDCE clocked by clk  {rise@0.000ns fall@10.000ns period=20.000ns})
  Destination:            pipeline_stage[10].curr_key_reg_reg[10][23]/D
                            (rising edge-triggered cell FDCE clocked by clk  {rise@0.000ns fall@10.000ns period=20.000ns})
  Path Group:             clk
  Path Type:              Hold (Min at Fast Process Corner)
  Requirement:            0.000ns  (clk rise@0.000ns - clk rise@0.000ns)
  Data Path Delay:        0.124ns  (logic 0.061ns (49.194%)  route 0.063ns (50.806%))
  Logic Levels:           1  (LUT5=1)
  Clock Path Skew:        0.145ns (DCD - SCD - CPR)
    Destination Clock Delay (DCD):    1.778ns
    Source Clock Delay      (SCD):    1.415ns
    Clock Pessimism Removal (CPR):    0.218ns

    Location             Delay type                Incr(ns)  Path(ns)    Netlist Resource(s)
  -------------------------------------------------------------------    -------------------
                         (clock clk rise edge)        0.000     0.000 r  
                                                      0.000     0.000 r  clk (IN)
                         net (fo=0)                   0.000     0.000    clk_IBUF_inst/I
                         INBUF (Prop_INBUF_PAD_O)     0.168     0.168 r  clk_IBUF_inst/INBUF_INST/O
                         net (fo=1, unplaced)         0.000     0.168    clk_IBUF_inst/OUT
                         IBUFCTRL (Prop_IBUFCTRL_I_O)
                                                      0.000     0.168 r  clk_IBUF_inst/IBUFCTRL_INST/O
                         net (fo=1, unplaced)         0.116     0.284    clk_IBUF
                         BUFGCE (Prop_BUFGCE_I_O)     0.017     0.301 r  clk_IBUF_BUFG_inst/O
                         net (fo=5391, unplaced)      1.114     1.415    clk_IBUF_BUFG
                         FDCE                                         r  pipeline_stage[9].prev_key_reg_reg[9][23]/C
  -------------------------------------------------------------------    -------------------
                         FDCE (Prop_FDCE_C_Q)         0.038     1.453 r  pipeline_stage[9].prev_key_reg_reg[9][23]/Q
                         net (fo=1, unplaced)         0.047     1.500    pipeline_stage[10].u_keyexp/pipeline_stage[9].prev_key_reg_reg[9][23]
                         LUT5 (Prop_LUT5_I4_O)        0.023     1.523 r  pipeline_stage[10].u_keyexp/pipeline_stage[10].curr_key_reg[10][23]_i_1/O
                         net (fo=1, unplaced)         0.016     1.539    pipeline_stage[10].next_key[23]
                         FDCE                                         r  pipeline_stage[10].curr_key_reg_reg[10][23]/D
  -------------------------------------------------------------------    -------------------

                         (clock clk rise edge)        0.000     0.000 r  
                                                      0.000     0.000 r  clk (IN)
                         net (fo=0)                   0.000     0.000    clk_IBUF_inst/I
                         INBUF (Prop_INBUF_PAD_O)     0.353     0.353 r  clk_IBUF_inst/INBUF_INST/O
                         net (fo=1, unplaced)         0.000     0.353    clk_IBUF_inst/OUT
                         IBUFCTRL (Prop_IBUFCTRL_I_O)
                                                      0.000     0.353 r  clk_IBUF_inst/IBUFCTRL_INST/O
                         net (fo=1, unplaced)         0.147     0.500    clk_IBUF
                         BUFGCE (Prop_BUFGCE_I_O)     0.019     0.519 r  clk_IBUF_BUFG_inst/O
                         net (fo=5391, unplaced)      1.259     1.778    clk_IBUF_BUFG
                         FDCE                                         r  pipeline_stage[10].curr_key_reg_reg[10][23]/C
                         clock pessimism             -0.218     1.560    
                         FDCE (Hold_FDCE_C_D)         0.046     1.606    pipeline_stage[10].curr_key_reg_reg[10][23]
  -------------------------------------------------------------------
                         required time                         -1.606    
                         arrival time                           1.539    
  -------------------------------------------------------------------
                         slack                                 -0.067    

Slack (VIOLATED) :        -0.067ns  (arrival time - required time)
  Source:                 pipeline_stage[9].prev_key_reg_reg[9][24]/C
                            (rising edge-triggered cell FDCE clocked by clk  {rise@0.000ns fall@10.000ns period=20.000ns})
  Destination:            pipeline_stage[10].curr_key_reg_reg[10][24]/D
                            (rising edge-triggered cell FDCE clocked by clk  {rise@0.000ns fall@10.000ns period=20.000ns})
  Path Group:             clk
  Path Type:              Hold (Min at Fast Process Corner)
  Requirement:            0.000ns  (clk rise@0.000ns - clk rise@0.000ns)
  Data Path Delay:        0.124ns  (logic 0.061ns (49.194%)  route 0.063ns (50.806%))
  Logic Levels:           1  (LUT5=1)
  Clock Path Skew:        0.145ns (DCD - SCD - CPR)
    Destination Clock Delay (DCD):    1.778ns
    Source Clock Delay      (SCD):    1.415ns
    Clock Pessimism Removal (CPR):    0.218ns

    Location             Delay type                Incr(ns)  Path(ns)    Netlist Resource(s)
  -------------------------------------------------------------------    -------------------
                         (clock clk rise edge)        0.000     0.000 r  
                                                      0.000     0.000 r  clk (IN)
                         net (fo=0)                   0.000     0.000    clk_IBUF_inst/I
                         INBUF (Prop_INBUF_PAD_O)     0.168     0.168 r  clk_IBUF_inst/INBUF_INST/O
                         net (fo=1, unplaced)         0.000     0.168    clk_IBUF_inst/OUT
                         IBUFCTRL (Prop_IBUFCTRL_I_O)
                                                      0.000     0.168 r  clk_IBUF_inst/IBUFCTRL_INST/O
                         net (fo=1, unplaced)         0.116     0.284    clk_IBUF
                         BUFGCE (Prop_BUFGCE_I_O)     0.017     0.301 r  clk_IBUF_BUFG_inst/O
                         net (fo=5391, unplaced)      1.114     1.415    clk_IBUF_BUFG
                         FDCE                                         r  pipeline_stage[9].prev_key_reg_reg[9][24]/C
  -------------------------------------------------------------------    -------------------
                         FDCE (Prop_FDCE_C_Q)         0.038     1.453 r  pipeline_stage[9].prev_key_reg_reg[9][24]/Q
                         net (fo=1, unplaced)         0.047     1.500    pipeline_stage[10].u_keyexp/pipeline_stage[9].prev_key_reg_reg[9][24]
                         LUT5 (Prop_LUT5_I4_O)        0.023     1.523 r  pipeline_stage[10].u_keyexp/pipeline_stage[10].curr_key_reg[10][24]_i_1/O
                         net (fo=1, unplaced)         0.016     1.539    pipeline_stage[10].next_key[24]
                         FDCE                                         r  pipeline_stage[10].curr_key_reg_reg[10][24]/D
  -------------------------------------------------------------------    -------------------

                         (clock clk rise edge)        0.000     0.000 r  
                                                      0.000     0.000 r  clk (IN)
                         net (fo=0)                   0.000     0.000    clk_IBUF_inst/I
                         INBUF (Prop_INBUF_PAD_O)     0.353     0.353 r  clk_IBUF_inst/INBUF_INST/O
                         net (fo=1, unplaced)         0.000     0.353    clk_IBUF_inst/OUT
                         IBUFCTRL (Prop_IBUFCTRL_I_O)
                                                      0.000     0.353 r  clk_IBUF_inst/IBUFCTRL_INST/O
                         net (fo=1, unplaced)         0.147     0.500    clk_IBUF
                         BUFGCE (Prop_BUFGCE_I_O)     0.019     0.519 r  clk_IBUF_BUFG_inst/O
                         net (fo=5391, unplaced)      1.259     1.778    clk_IBUF_BUFG
                         FDCE                                         r  pipeline_stage[10].curr_key_reg_reg[10][24]/C
                         clock pessimism             -0.218     1.560    
                         FDCE (Hold_FDCE_C_D)         0.046     1.606    pipeline_stage[10].curr_key_reg_reg[10][24]
  -------------------------------------------------------------------
                         required time                         -1.606    
                         arrival time                           1.539    
  -------------------------------------------------------------------
                         slack                                 -0.067    

Slack (VIOLATED) :        -0.067ns  (arrival time - required time)
  Source:                 pipeline_stage[9].prev_key_reg_reg[9][25]/C
                            (rising edge-triggered cell FDCE clocked by clk  {rise@0.000ns fall@10.000ns period=20.000ns})
  Destination:            pipeline_stage[10].curr_key_reg_reg[10][25]/D
                            (rising edge-triggered cell FDCE clocked by clk  {rise@0.000ns fall@10.000ns period=20.000ns})
  Path Group:             clk
  Path Type:              Hold (Min at Fast Process Corner)
  Requirement:            0.000ns  (clk rise@0.000ns - clk rise@0.000ns)
  Data Path Delay:        0.124ns  (logic 0.061ns (49.194%)  route 0.063ns (50.806%))
  Logic Levels:           1  (LUT5=1)
  Clock Path Skew:        0.145ns (DCD - SCD - CPR)
    Destination Clock Delay (DCD):    1.778ns
    Source Clock Delay      (SCD):    1.415ns
    Clock Pessimism Removal (CPR):    0.218ns

    Location             Delay type                Incr(ns)  Path(ns)    Netlist Resource(s)
  -------------------------------------------------------------------    -------------------
                         (clock clk rise edge)        0.000     0.000 r  
                                                      0.000     0.000 r  clk (IN)
                         net (fo=0)                   0.000     0.000    clk_IBUF_inst/I
                         INBUF (Prop_INBUF_PAD_O)     0.168     0.168 r  clk_IBUF_inst/INBUF_INST/O
                         net (fo=1, unplaced)         0.000     0.168    clk_IBUF_inst/OUT
                         IBUFCTRL (Prop_IBUFCTRL_I_O)
                                                      0.000     0.168 r  clk_IBUF_inst/IBUFCTRL_INST/O
                         net (fo=1, unplaced)         0.116     0.284    clk_IBUF
                         BUFGCE (Prop_BUFGCE_I_O)     0.017     0.301 r  clk_IBUF_BUFG_inst/O
                         net (fo=5391, unplaced)      1.114     1.415    clk_IBUF_BUFG
                         FDCE                                         r  pipeline_stage[9].prev_key_reg_reg[9][25]/C
  -------------------------------------------------------------------    -------------------
                         FDCE (Prop_FDCE_C_Q)         0.038     1.453 r  pipeline_stage[9].prev_key_reg_reg[9][25]/Q
                         net (fo=1, unplaced)         0.047     1.500    pipeline_stage[10].u_keyexp/pipeline_stage[9].prev_key_reg_reg[9][25]
                         LUT5 (Prop_LUT5_I4_O)        0.023     1.523 r  pipeline_stage[10].u_keyexp/pipeline_stage[10].curr_key_reg[10][25]_i_1/O
                         net (fo=1, unplaced)         0.016     1.539    pipeline_stage[10].next_key[25]
                         FDCE                                         r  pipeline_stage[10].curr_key_reg_reg[10][25]/D
  -------------------------------------------------------------------    -------------------

                         (clock clk rise edge)        0.000     0.000 r  
                                                      0.000     0.000 r  clk (IN)
                         net (fo=0)                   0.000     0.000    clk_IBUF_inst/I
                         INBUF (Prop_INBUF_PAD_O)     0.353     0.353 r  clk_IBUF_inst/INBUF_INST/O
                         net (fo=1, unplaced)         0.000     0.353    clk_IBUF_inst/OUT
                         IBUFCTRL (Prop_IBUFCTRL_I_O)
                                                      0.000     0.353 r  clk_IBUF_inst/IBUFCTRL_INST/O
                         net (fo=1, unplaced)         0.147     0.500    clk_IBUF
                         BUFGCE (Prop_BUFGCE_I_O)     0.019     0.519 r  clk_IBUF_BUFG_inst/O
                         net (fo=5391, unplaced)      1.259     1.778    clk_IBUF_BUFG
                         FDCE                                         r  pipeline_stage[10].curr_key_reg_reg[10][25]/C
                         clock pessimism             -0.218     1.560    
                         FDCE (Hold_FDCE_C_D)         0.046     1.606    pipeline_stage[10].curr_key_reg_reg[10][25]
  -------------------------------------------------------------------
                         required time                         -1.606    
                         arrival time                           1.539    
  -------------------------------------------------------------------
                         slack                                 -0.067    

Slack (VIOLATED) :        -0.067ns  (arrival time - required time)
  Source:                 pipeline_stage[9].prev_key_reg_reg[9][26]/C
                            (rising edge-triggered cell FDCE clocked by clk  {rise@0.000ns fall@10.000ns period=20.000ns})
  Destination:            pipeline_stage[10].curr_key_reg_reg[10][26]/D
                            (rising edge-triggered cell FDCE clocked by clk  {rise@0.000ns fall@10.000ns period=20.000ns})
  Path Group:             clk
  Path Type:              Hold (Min at Fast Process Corner)
  Requirement:            0.000ns  (clk rise@0.000ns - clk rise@0.000ns)
  Data Path Delay:        0.124ns  (logic 0.061ns (49.194%)  route 0.063ns (50.806%))
  Logic Levels:           1  (LUT5=1)
  Clock Path Skew:        0.145ns (DCD - SCD - CPR)
    Destination Clock Delay (DCD):    1.778ns
    Source Clock Delay      (SCD):    1.415ns
    Clock Pessimism Removal (CPR):    0.218ns

    Location             Delay type                Incr(ns)  Path(ns)    Netlist Resource(s)
  -------------------------------------------------------------------    -------------------
                         (clock clk rise edge)        0.000     0.000 r  
                                                      0.000     0.000 r  clk (IN)
                         net (fo=0)                   0.000     0.000    clk_IBUF_inst/I
                         INBUF (Prop_INBUF_PAD_O)     0.168     0.168 r  clk_IBUF_inst/INBUF_INST/O
                         net (fo=1, unplaced)         0.000     0.168    clk_IBUF_inst/OUT
                         IBUFCTRL (Prop_IBUFCTRL_I_O)
                                                      0.000     0.168 r  clk_IBUF_inst/IBUFCTRL_INST/O
                         net (fo=1, unplaced)         0.116     0.284    clk_IBUF
                         BUFGCE (Prop_BUFGCE_I_O)     0.017     0.301 r  clk_IBUF_BUFG_inst/O
                         net (fo=5391, unplaced)      1.114     1.415    clk_IBUF_BUFG
                         FDCE                                         r  pipeline_stage[9].prev_key_reg_reg[9][26]/C
  -------------------------------------------------------------------    -------------------
                         FDCE (Prop_FDCE_C_Q)         0.038     1.453 r  pipeline_stage[9].prev_key_reg_reg[9][26]/Q
                         net (fo=1, unplaced)         0.047     1.500    pipeline_stage[10].u_keyexp/pipeline_stage[9].prev_key_reg_reg[9][26]
                         LUT5 (Prop_LUT5_I4_O)        0.023     1.523 r  pipeline_stage[10].u_keyexp/pipeline_stage[10].curr_key_reg[10][26]_i_1/O
                         net (fo=1, unplaced)         0.016     1.539    pipeline_stage[10].next_key[26]
                         FDCE                                         r  pipeline_stage[10].curr_key_reg_reg[10][26]/D
  -------------------------------------------------------------------    -------------------

                         (clock clk rise edge)        0.000     0.000 r  
                                                      0.000     0.000 r  clk (IN)
                         net (fo=0)                   0.000     0.000    clk_IBUF_inst/I
                         INBUF (Prop_INBUF_PAD_O)     0.353     0.353 r  clk_IBUF_inst/INBUF_INST/O
                         net (fo=1, unplaced)         0.000     0.353    clk_IBUF_inst/OUT
                         IBUFCTRL (Prop_IBUFCTRL_I_O)
                                                      0.000     0.353 r  clk_IBUF_inst/IBUFCTRL_INST/O
                         net (fo=1, unplaced)         0.147     0.500    clk_IBUF
                         BUFGCE (Prop_BUFGCE_I_O)     0.019     0.519 r  clk_IBUF_BUFG_inst/O
                         net (fo=5391, unplaced)      1.259     1.778    clk_IBUF_BUFG
                         FDCE                                         r  pipeline_stage[10].curr_key_reg_reg[10][26]/C
                         clock pessimism             -0.218     1.560    
                         FDCE (Hold_FDCE_C_D)         0.046     1.606    pipeline_stage[10].curr_key_reg_reg[10][26]
  -------------------------------------------------------------------
                         required time                         -1.606    
                         arrival time                           1.539    
  -------------------------------------------------------------------
                         slack                                 -0.067    

Slack (VIOLATED) :        -0.067ns  (arrival time - required time)
  Source:                 pipeline_stage[9].prev_key_reg_reg[9][27]/C
                            (rising edge-triggered cell FDCE clocked by clk  {rise@0.000ns fall@10.000ns period=20.000ns})
  Destination:            pipeline_stage[10].curr_key_reg_reg[10][27]/D
                            (rising edge-triggered cell FDCE clocked by clk  {rise@0.000ns fall@10.000ns period=20.000ns})
  Path Group:             clk
  Path Type:              Hold (Min at Fast Process Corner)
  Requirement:            0.000ns  (clk rise@0.000ns - clk rise@0.000ns)
  Data Path Delay:        0.124ns  (logic 0.061ns (49.194%)  route 0.063ns (50.806%))
  Logic Levels:           1  (LUT5=1)
  Clock Path Skew:        0.145ns (DCD - SCD - CPR)
    Destination Clock Delay (DCD):    1.778ns
    Source Clock Delay      (SCD):    1.415ns
    Clock Pessimism Removal (CPR):    0.218ns

    Location             Delay type                Incr(ns)  Path(ns)    Netlist Resource(s)
  -------------------------------------------------------------------    -------------------
                         (clock clk rise edge)        0.000     0.000 r  
                                                      0.000     0.000 r  clk (IN)
                         net (fo=0)                   0.000     0.000    clk_IBUF_inst/I
                         INBUF (Prop_INBUF_PAD_O)     0.168     0.168 r  clk_IBUF_inst/INBUF_INST/O
                         net (fo=1, unplaced)         0.000     0.168    clk_IBUF_inst/OUT
                         IBUFCTRL (Prop_IBUFCTRL_I_O)
                                                      0.000     0.168 r  clk_IBUF_inst/IBUFCTRL_INST/O
                         net (fo=1, unplaced)         0.116     0.284    clk_IBUF
                         BUFGCE (Prop_BUFGCE_I_O)     0.017     0.301 r  clk_IBUF_BUFG_inst/O
                         net (fo=5391, unplaced)      1.114     1.415    clk_IBUF_BUFG
                         FDCE                                         r  pipeline_stage[9].prev_key_reg_reg[9][27]/C
  -------------------------------------------------------------------    -------------------
                         FDCE (Prop_FDCE_C_Q)         0.038     1.453 r  pipeline_stage[9].prev_key_reg_reg[9][27]/Q
                         net (fo=1, unplaced)         0.047     1.500    pipeline_stage[10].u_keyexp/pipeline_stage[9].prev_key_reg_reg[9][27]
                         LUT5 (Prop_LUT5_I4_O)        0.023     1.523 r  pipeline_stage[10].u_keyexp/pipeline_stage[10].curr_key_reg[10][27]_i_1/O
                         net (fo=1, unplaced)         0.016     1.539    pipeline_stage[10].next_key[27]
                         FDCE                                         r  pipeline_stage[10].curr_key_reg_reg[10][27]/D
  -------------------------------------------------------------------    -------------------

                         (clock clk rise edge)        0.000     0.000 r  
                                                      0.000     0.000 r  clk (IN)
                         net (fo=0)                   0.000     0.000    clk_IBUF_inst/I
                         INBUF (Prop_INBUF_PAD_O)     0.353     0.353 r  clk_IBUF_inst/INBUF_INST/O
                         net (fo=1, unplaced)         0.000     0.353    clk_IBUF_inst/OUT
                         IBUFCTRL (Prop_IBUFCTRL_I_O)
                                                      0.000     0.353 r  clk_IBUF_inst/IBUFCTRL_INST/O
                         net (fo=1, unplaced)         0.147     0.500    clk_IBUF
                         BUFGCE (Prop_BUFGCE_I_O)     0.019     0.519 r  clk_IBUF_BUFG_inst/O
                         net (fo=5391, unplaced)      1.259     1.778    clk_IBUF_BUFG
                         FDCE                                         r  pipeline_stage[10].curr_key_reg_reg[10][27]/C
                         clock pessimism             -0.218     1.560    
                         FDCE (Hold_FDCE_C_D)         0.046     1.606    pipeline_stage[10].curr_key_reg_reg[10][27]
  -------------------------------------------------------------------
                         required time                         -1.606    
                         arrival time                           1.539    
  -------------------------------------------------------------------
                         slack                                 -0.067    





Pulse Width Checks
--------------------------------------------------------------------------------------
Clock Name:         clk
Waveform(ns):       { 0.000 10.000 }
Period(ns):         20.000
Sources:            { clk }

Check Type        Corner  Lib Pin   Reference Pin  Required(ns)  Actual(ns)  Slack(ns)  Location  Pin
Min Period        n/a     BUFGCE/I  n/a            1.290         20.000      18.710               clk_IBUF_BUFG_inst/I
Min Period        n/a     FDCE/C    n/a            0.550         20.000      19.450               curr_key_reg_reg[0][0]/C
Min Period        n/a     FDCE/C    n/a            0.550         20.000      19.450               curr_key_reg_reg[0][100]/C
Min Period        n/a     FDCE/C    n/a            0.550         20.000      19.450               curr_key_reg_reg[0][101]/C
Min Period        n/a     FDCE/C    n/a            0.550         20.000      19.450               curr_key_reg_reg[0][102]/C
Min Period        n/a     FDCE/C    n/a            0.550         20.000      19.450               curr_key_reg_reg[0][103]/C
Min Period        n/a     FDCE/C    n/a            0.550         20.000      19.450               curr_key_reg_reg[0][104]/C
Min Period        n/a     FDCE/C    n/a            0.550         20.000      19.450               curr_key_reg_reg[0][105]/C
Min Period        n/a     FDCE/C    n/a            0.550         20.000      19.450               curr_key_reg_reg[0][106]/C
Min Period        n/a     FDCE/C    n/a            0.550         20.000      19.450               curr_key_reg_reg[0][107]/C
Min Period        n/a     FDCE/C    n/a            0.550         20.000      19.450               curr_key_reg_reg[0][108]/C
Min Period        n/a     FDCE/C    n/a            0.550         20.000      19.450               curr_key_reg_reg[0][109]/C
Min Period        n/a     FDCE/C    n/a            0.550         20.000      19.450               curr_key_reg_reg[0][10]/C
Min Period        n/a     FDCE/C    n/a            0.550         20.000      19.450               curr_key_reg_reg[0][110]/C
Min Period        n/a     FDCE/C    n/a            0.550         20.000      19.450               curr_key_reg_reg[0][111]/C
Min Period        n/a     FDCE/C    n/a            0.550         20.000      19.450               curr_key_reg_reg[0][112]/C
Min Period        n/a     FDCE/C    n/a            0.550         20.000      19.450               curr_key_reg_reg[0][113]/C
Min Period        n/a     FDCE/C    n/a            0.550         20.000      19.450               curr_key_reg_reg[0][114]/C
Min Period        n/a     FDCE/C    n/a            0.550         20.000      19.450               curr_key_reg_reg[0][115]/C
Min Period        n/a     FDCE/C    n/a            0.550         20.000      19.450               curr_key_reg_reg[0][116]/C
Low Pulse Width   Slow    FDCE/C    n/a            0.275         10.000      9.725                curr_key_reg_reg[0][0]/C
Low Pulse Width   Fast    FDCE/C    n/a            0.275         10.000      9.725                curr_key_reg_reg[0][0]/C
Low Pulse Width   Slow    FDCE/C    n/a            0.275         10.000      9.725                curr_key_reg_reg[0][100]/C
Low Pulse Width   Fast    FDCE/C    n/a            0.275         10.000      9.725                curr_key_reg_reg[0][100]/C
Low Pulse Width   Slow    FDCE/C    n/a            0.275         10.000      9.725                curr_key_reg_reg[0][101]/C
Low Pulse Width   Fast    FDCE/C    n/a            0.275         10.000      9.725                curr_key_reg_reg[0][101]/C
Low Pulse Width   Slow    FDCE/C    n/a            0.275         10.000      9.725                curr_key_reg_reg[0][102]/C
Low Pulse Width   Fast    FDCE/C    n/a            0.275         10.000      9.725                curr_key_reg_reg[0][102]/C
Low Pulse Width   Slow    FDCE/C    n/a            0.275         10.000      9.725                curr_key_reg_reg[0][103]/C
Low Pulse Width   Fast    FDCE/C    n/a            0.275         10.000      9.725                curr_key_reg_reg[0][103]/C
Low Pulse Width   Slow    FDCE/C    n/a            0.275         10.000      9.725                curr_key_reg_reg[0][104]/C
Low Pulse Width   Fast    FDCE/C    n/a            0.275         10.000      9.725                curr_key_reg_reg[0][104]/C
Low Pulse Width   Slow    FDCE/C    n/a            0.275         10.000      9.725                curr_key_reg_reg[0][105]/C
Low Pulse Width   Fast    FDCE/C    n/a            0.275         10.000      9.725                curr_key_reg_reg[0][105]/C
Low Pulse Width   Slow    FDCE/C    n/a            0.275         10.000      9.725                curr_key_reg_reg[0][106]/C
Low Pulse Width   Fast    FDCE/C    n/a            0.275         10.000      9.725                curr_key_reg_reg[0][106]/C
Low Pulse Width   Slow    FDCE/C    n/a            0.275         10.000      9.725                curr_key_reg_reg[0][107]/C
Low Pulse Width   Fast    FDCE/C    n/a            0.275         10.000      9.725                curr_key_reg_reg[0][107]/C
Low Pulse Width   Slow    FDCE/C    n/a            0.275         10.000      9.725                curr_key_reg_reg[0][108]/C
Low Pulse Width   Fast    FDCE/C    n/a            0.275         10.000      9.725                curr_key_reg_reg[0][108]/C
High Pulse Width  Slow    FDCE/C    n/a            0.275         10.000      9.725                curr_key_reg_reg[0][0]/C
High Pulse Width  Fast    FDCE/C    n/a            0.275         10.000      9.725                curr_key_reg_reg[0][0]/C
High Pulse Width  Slow    FDCE/C    n/a            0.275         10.000      9.725                curr_key_reg_reg[0][100]/C
High Pulse Width  Fast    FDCE/C    n/a            0.275         10.000      9.725                curr_key_reg_reg[0][100]/C
High Pulse Width  Slow    FDCE/C    n/a            0.275         10.000      9.725                curr_key_reg_reg[0][101]/C
High Pulse Width  Fast    FDCE/C    n/a            0.275         10.000      9.725                curr_key_reg_reg[0][101]/C
High Pulse Width  Slow    FDCE/C    n/a            0.275         10.000      9.725                curr_key_reg_reg[0][102]/C
High Pulse Width  Fast    FDCE/C    n/a            0.275         10.000      9.725                curr_key_reg_reg[0][102]/C
High Pulse Width  Slow    FDCE/C    n/a            0.275         10.000      9.725                curr_key_reg_reg[0][103]/C
High Pulse Width  Fast    FDCE/C    n/a            0.275         10.000      9.725                curr_key_reg_reg[0][103]/C
High Pulse Width  Slow    FDCE/C    n/a            0.275         10.000      9.725                curr_key_reg_reg[0][104]/C
High Pulse Width  Fast    FDCE/C    n/a            0.275         10.000      9.725                curr_key_reg_reg[0][104]/C
High Pulse Width  Slow    FDCE/C    n/a            0.275         10.000      9.725                curr_key_reg_reg[0][105]/C
High Pulse Width  Fast    FDCE/C    n/a            0.275         10.000      9.725                curr_key_reg_reg[0][105]/C
High Pulse Width  Slow    FDCE/C    n/a            0.275         10.000      9.725                curr_key_reg_reg[0][106]/C
High Pulse Width  Fast    FDCE/C    n/a            0.275         10.000      9.725                curr_key_reg_reg[0][106]/C
High Pulse Width  Slow    FDCE/C    n/a            0.275         10.000      9.725                curr_key_reg_reg[0][107]/C
High Pulse Width  Fast    FDCE/C    n/a            0.275         10.000      9.725                curr_key_reg_reg[0][107]/C
High Pulse Width  Slow    FDCE/C    n/a            0.275         10.000      9.725                curr_key_reg_reg[0][108]/C
High Pulse Width  Fast    FDCE/C    n/a            0.275         10.000      9.725                curr_key_reg_reg[0][108]/C



--------------------------------------------------------------------------------------
Path Group:  (none)
From Clock:  clk
  To Clock:  

Max Delay           129 Endpoints
Min Delay           129 Endpoints
--------------------------------------------------------------------------------------


Max Delay Paths
--------------------------------------------------------------------------------------
Slack:                    inf
  Source:                 pipeline_stage[14].state_reg_reg[14][0]/C
                            (rising edge-triggered cell FDCE clocked by clk  {rise@0.000ns fall@10.000ns period=20.000ns})
  Destination:            ciphertext[0]
                            (output port)
  Path Group:             (none)
  Path Type:              Max at Slow Process Corner
  Data Path Delay:        1.948ns  (logic 0.987ns (50.674%)  route 0.961ns (49.326%))
  Logic Levels:           1  (OBUF=1)
  Clock Uncertainty:      0.025ns  ((TSJ^2 + TIJ^2)^1/2 + DJ) / 2 + PE
    Total System Jitter     (TSJ):    0.050ns
    Total Input Jitter      (TIJ):    0.000ns
    Discrete Jitter          (DJ):    0.000ns
    Phase Error              (PE):    0.000ns

    Location             Delay type                Incr(ns)  Path(ns)    Netlist Resource(s)
  -------------------------------------------------------------------    -------------------
                         (clock clk rise edge)        0.000     0.000 r  
                                                      0.000     0.000 r  clk (IN)
                         net (fo=0)                   0.000     0.000    clk_IBUF_inst/I
                         INBUF (Prop_INBUF_PAD_O)     0.533     0.533 r  clk_IBUF_inst/INBUF_INST/O
                         net (fo=1, unplaced)         0.000     0.533    clk_IBUF_inst/OUT
                         IBUFCTRL (Prop_IBUFCTRL_I_O)
                                                      0.000     0.533 r  clk_IBUF_inst/IBUFCTRL_INST/O
                         net (fo=1, unplaced)         0.276     0.809    clk_IBUF
                         BUFGCE (Prop_BUFGCE_I_O)     0.028     0.837 r  clk_IBUF_BUFG_inst/O
                         net (fo=5391, unplaced)      2.584     3.421    clk_IBUF_BUFG
                         FDCE                                         r  pipeline_stage[14].state_reg_reg[14][0]/C
  -------------------------------------------------------------------    -------------------
                         FDCE (Prop_FDCE_C_Q)         0.077     3.498 r  pipeline_stage[14].state_reg_reg[14][0]/Q
                         net (fo=1, unplaced)         0.961     4.459    ciphertext_OBUF[0]
                         OBUF (Prop_OBUF_I_O)         0.910     5.370 r  ciphertext_OBUF[0]_inst/O
                         net (fo=0)                   0.000     5.370    ciphertext[0]
                                                                      r  ciphertext[0] (OUT)
  -------------------------------------------------------------------    -------------------

Slack:                    inf
  Source:                 pipeline_stage[14].state_reg_reg[14][100]/C
                            (rising edge-triggered cell FDCE clocked by clk  {rise@0.000ns fall@10.000ns period=20.000ns})
  Destination:            ciphertext[100]
                            (output port)
  Path Group:             (none)
  Path Type:              Max at Slow Process Corner
  Data Path Delay:        1.948ns  (logic 0.987ns (50.674%)  route 0.961ns (49.326%))
  Logic Levels:           1  (OBUF=1)
  Clock Uncertainty:      0.025ns  ((TSJ^2 + TIJ^2)^1/2 + DJ) / 2 + PE
    Total System Jitter     (TSJ):    0.050ns
    Total Input Jitter      (TIJ):    0.000ns
    Discrete Jitter          (DJ):    0.000ns
    Phase Error              (PE):    0.000ns

    Location             Delay type                Incr(ns)  Path(ns)    Netlist Resource(s)
  -------------------------------------------------------------------    -------------------
                         (clock clk rise edge)        0.000     0.000 r  
                                                      0.000     0.000 r  clk (IN)
                         net (fo=0)                   0.000     0.000    clk_IBUF_inst/I
                         INBUF (Prop_INBUF_PAD_O)     0.533     0.533 r  clk_IBUF_inst/INBUF_INST/O
                         net (fo=1, unplaced)         0.000     0.533    clk_IBUF_inst/OUT
                         IBUFCTRL (Prop_IBUFCTRL_I_O)
                                                      0.000     0.533 r  clk_IBUF_inst/IBUFCTRL_INST/O
                         net (fo=1, unplaced)         0.276     0.809    clk_IBUF
                         BUFGCE (Prop_BUFGCE_I_O)     0.028     0.837 r  clk_IBUF_BUFG_inst/O
                         net (fo=5391, unplaced)      2.584     3.421    clk_IBUF_BUFG
                         FDCE                                         r  pipeline_stage[14].state_reg_reg[14][100]/C
  -------------------------------------------------------------------    -------------------
                         FDCE (Prop_FDCE_C_Q)         0.077     3.498 r  pipeline_stage[14].state_reg_reg[14][100]/Q
                         net (fo=1, unplaced)         0.961     4.459    ciphertext_OBUF[100]
                         OBUF (Prop_OBUF_I_O)         0.910     5.370 r  ciphertext_OBUF[100]_inst/O
                         net (fo=0)                   0.000     5.370    ciphertext[100]
                                                                      r  ciphertext[100] (OUT)
  -------------------------------------------------------------------    -------------------

Slack:                    inf
  Source:                 pipeline_stage[14].state_reg_reg[14][101]/C
                            (rising edge-triggered cell FDCE clocked by clk  {rise@0.000ns fall@10.000ns period=20.000ns})
  Destination:            ciphertext[101]
                            (output port)
  Path Group:             (none)
  Path Type:              Max at Slow Process Corner
  Data Path Delay:        1.948ns  (logic 0.987ns (50.674%)  route 0.961ns (49.326%))
  Logic Levels:           1  (OBUF=1)
  Clock Uncertainty:      0.025ns  ((TSJ^2 + TIJ^2)^1/2 + DJ) / 2 + PE
    Total System Jitter     (TSJ):    0.050ns
    Total Input Jitter      (TIJ):    0.000ns
    Discrete Jitter          (DJ):    0.000ns
    Phase Error              (PE):    0.000ns

    Location             Delay type                Incr(ns)  Path(ns)    Netlist Resource(s)
  -------------------------------------------------------------------    -------------------
                         (clock clk rise edge)        0.000     0.000 r  
                                                      0.000     0.000 r  clk (IN)
                         net (fo=0)                   0.000     0.000    clk_IBUF_inst/I
                         INBUF (Prop_INBUF_PAD_O)     0.533     0.533 r  clk_IBUF_inst/INBUF_INST/O
                         net (fo=1, unplaced)         0.000     0.533    clk_IBUF_inst/OUT
                         IBUFCTRL (Prop_IBUFCTRL_I_O)
                                                      0.000     0.533 r  clk_IBUF_inst/IBUFCTRL_INST/O
                         net (fo=1, unplaced)         0.276     0.809    clk_IBUF
                         BUFGCE (Prop_BUFGCE_I_O)     0.028     0.837 r  clk_IBUF_BUFG_inst/O
                         net (fo=5391, unplaced)      2.584     3.421    clk_IBUF_BUFG
                         FDCE                                         r  pipeline_stage[14].state_reg_reg[14][101]/C
  -------------------------------------------------------------------    -------------------
                         FDCE (Prop_FDCE_C_Q)         0.077     3.498 r  pipeline_stage[14].state_reg_reg[14][101]/Q
                         net (fo=1, unplaced)         0.961     4.459    ciphertext_OBUF[101]
                         OBUF (Prop_OBUF_I_O)         0.910     5.370 r  ciphertext_OBUF[101]_inst/O
                         net (fo=0)                   0.000     5.370    ciphertext[101]
                                                                      r  ciphertext[101] (OUT)
  -------------------------------------------------------------------    -------------------

Slack:                    inf
  Source:                 pipeline_stage[14].state_reg_reg[14][102]/C
                            (rising edge-triggered cell FDCE clocked by clk  {rise@0.000ns fall@10.000ns period=20.000ns})
  Destination:            ciphertext[102]
                            (output port)
  Path Group:             (none)
  Path Type:              Max at Slow Process Corner
  Data Path Delay:        1.948ns  (logic 0.987ns (50.674%)  route 0.961ns (49.326%))
  Logic Levels:           1  (OBUF=1)
  Clock Uncertainty:      0.025ns  ((TSJ^2 + TIJ^2)^1/2 + DJ) / 2 + PE
    Total System Jitter     (TSJ):    0.050ns
    Total Input Jitter      (TIJ):    0.000ns
    Discrete Jitter          (DJ):    0.000ns
    Phase Error              (PE):    0.000ns

    Location             Delay type                Incr(ns)  Path(ns)    Netlist Resource(s)
  -------------------------------------------------------------------    -------------------
                         (clock clk rise edge)        0.000     0.000 r  
                                                      0.000     0.000 r  clk (IN)
                         net (fo=0)                   0.000     0.000    clk_IBUF_inst/I
                         INBUF (Prop_INBUF_PAD_O)     0.533     0.533 r  clk_IBUF_inst/INBUF_INST/O
                         net (fo=1, unplaced)         0.000     0.533    clk_IBUF_inst/OUT
                         IBUFCTRL (Prop_IBUFCTRL_I_O)
                                                      0.000     0.533 r  clk_IBUF_inst/IBUFCTRL_INST/O
                         net (fo=1, unplaced)         0.276     0.809    clk_IBUF
                         BUFGCE (Prop_BUFGCE_I_O)     0.028     0.837 r  clk_IBUF_BUFG_inst/O
                         net (fo=5391, unplaced)      2.584     3.421    clk_IBUF_BUFG
                         FDCE                                         r  pipeline_stage[14].state_reg_reg[14][102]/C
  -------------------------------------------------------------------    -------------------
                         FDCE (Prop_FDCE_C_Q)         0.077     3.498 r  pipeline_stage[14].state_reg_reg[14][102]/Q
                         net (fo=1, unplaced)         0.961     4.459    ciphertext_OBUF[102]
                         OBUF (Prop_OBUF_I_O)         0.910     5.370 r  ciphertext_OBUF[102]_inst/O
                         net (fo=0)                   0.000     5.370    ciphertext[102]
                                                                      r  ciphertext[102] (OUT)
  -------------------------------------------------------------------    -------------------

Slack:                    inf
  Source:                 pipeline_stage[14].state_reg_reg[14][103]/C
                            (rising edge-triggered cell FDCE clocked by clk  {rise@0.000ns fall@10.000ns period=20.000ns})
  Destination:            ciphertext[103]
                            (output port)
  Path Group:             (none)
  Path Type:              Max at Slow Process Corner
  Data Path Delay:        1.948ns  (logic 0.987ns (50.674%)  route 0.961ns (49.326%))
  Logic Levels:           1  (OBUF=1)
  Clock Uncertainty:      0.025ns  ((TSJ^2 + TIJ^2)^1/2 + DJ) / 2 + PE
    Total System Jitter     (TSJ):    0.050ns
    Total Input Jitter      (TIJ):    0.000ns
    Discrete Jitter          (DJ):    0.000ns
    Phase Error              (PE):    0.000ns

    Location             Delay type                Incr(ns)  Path(ns)    Netlist Resource(s)
  -------------------------------------------------------------------    -------------------
                         (clock clk rise edge)        0.000     0.000 r  
                                                      0.000     0.000 r  clk (IN)
                         net (fo=0)                   0.000     0.000    clk_IBUF_inst/I
                         INBUF (Prop_INBUF_PAD_O)     0.533     0.533 r  clk_IBUF_inst/INBUF_INST/O
                         net (fo=1, unplaced)         0.000     0.533    clk_IBUF_inst/OUT
                         IBUFCTRL (Prop_IBUFCTRL_I_O)
                                                      0.000     0.533 r  clk_IBUF_inst/IBUFCTRL_INST/O
                         net (fo=1, unplaced)         0.276     0.809    clk_IBUF
                         BUFGCE (Prop_BUFGCE_I_O)     0.028     0.837 r  clk_IBUF_BUFG_inst/O
                         net (fo=5391, unplaced)      2.584     3.421    clk_IBUF_BUFG
                         FDCE                                         r  pipeline_stage[14].state_reg_reg[14][103]/C
  -------------------------------------------------------------------    -------------------
                         FDCE (Prop_FDCE_C_Q)         0.077     3.498 r  pipeline_stage[14].state_reg_reg[14][103]/Q
                         net (fo=1, unplaced)         0.961     4.459    ciphertext_OBUF[103]
                         OBUF (Prop_OBUF_I_O)         0.910     5.370 r  ciphertext_OBUF[103]_inst/O
                         net (fo=0)                   0.000     5.370    ciphertext[103]
                                                                      r  ciphertext[103] (OUT)
  -------------------------------------------------------------------    -------------------

Slack:                    inf
  Source:                 pipeline_stage[14].state_reg_reg[14][104]/C
                            (rising edge-triggered cell FDCE clocked by clk  {rise@0.000ns fall@10.000ns period=20.000ns})
  Destination:            ciphertext[104]
                            (output port)
  Path Group:             (none)
  Path Type:              Max at Slow Process Corner
  Data Path Delay:        1.948ns  (logic 0.987ns (50.674%)  route 0.961ns (49.326%))
  Logic Levels:           1  (OBUF=1)
  Clock Uncertainty:      0.025ns  ((TSJ^2 + TIJ^2)^1/2 + DJ) / 2 + PE
    Total System Jitter     (TSJ):    0.050ns
    Total Input Jitter      (TIJ):    0.000ns
    Discrete Jitter          (DJ):    0.000ns
    Phase Error              (PE):    0.000ns

    Location             Delay type                Incr(ns)  Path(ns)    Netlist Resource(s)
  -------------------------------------------------------------------    -------------------
                         (clock clk rise edge)        0.000     0.000 r  
                                                      0.000     0.000 r  clk (IN)
                         net (fo=0)                   0.000     0.000    clk_IBUF_inst/I
                         INBUF (Prop_INBUF_PAD_O)     0.533     0.533 r  clk_IBUF_inst/INBUF_INST/O
                         net (fo=1, unplaced)         0.000     0.533    clk_IBUF_inst/OUT
                         IBUFCTRL (Prop_IBUFCTRL_I_O)
                                                      0.000     0.533 r  clk_IBUF_inst/IBUFCTRL_INST/O
                         net (fo=1, unplaced)         0.276     0.809    clk_IBUF
                         BUFGCE (Prop_BUFGCE_I_O)     0.028     0.837 r  clk_IBUF_BUFG_inst/O
                         net (fo=5391, unplaced)      2.584     3.421    clk_IBUF_BUFG
                         FDCE                                         r  pipeline_stage[14].state_reg_reg[14][104]/C
  -------------------------------------------------------------------    -------------------
                         FDCE (Prop_FDCE_C_Q)         0.077     3.498 r  pipeline_stage[14].state_reg_reg[14][104]/Q
                         net (fo=1, unplaced)         0.961     4.459    ciphertext_OBUF[104]
                         OBUF (Prop_OBUF_I_O)         0.910     5.370 r  ciphertext_OBUF[104]_inst/O
                         net (fo=0)                   0.000     5.370    ciphertext[104]
                                                                      r  ciphertext[104] (OUT)
  -------------------------------------------------------------------    -------------------

Slack:                    inf
  Source:                 pipeline_stage[14].state_reg_reg[14][105]/C
                            (rising edge-triggered cell FDCE clocked by clk  {rise@0.000ns fall@10.000ns period=20.000ns})
  Destination:            ciphertext[105]
                            (output port)
  Path Group:             (none)
  Path Type:              Max at Slow Process Corner
  Data Path Delay:        1.948ns  (logic 0.987ns (50.674%)  route 0.961ns (49.326%))
  Logic Levels:           1  (OBUF=1)
  Clock Uncertainty:      0.025ns  ((TSJ^2 + TIJ^2)^1/2 + DJ) / 2 + PE
    Total System Jitter     (TSJ):    0.050ns
    Total Input Jitter      (TIJ):    0.000ns
    Discrete Jitter          (DJ):    0.000ns
    Phase Error              (PE):    0.000ns

    Location             Delay type                Incr(ns)  Path(ns)    Netlist Resource(s)
  -------------------------------------------------------------------    -------------------
                         (clock clk rise edge)        0.000     0.000 r  
                                                      0.000     0.000 r  clk (IN)
                         net (fo=0)                   0.000     0.000    clk_IBUF_inst/I
                         INBUF (Prop_INBUF_PAD_O)     0.533     0.533 r  clk_IBUF_inst/INBUF_INST/O
                         net (fo=1, unplaced)         0.000     0.533    clk_IBUF_inst/OUT
                         IBUFCTRL (Prop_IBUFCTRL_I_O)
                                                      0.000     0.533 r  clk_IBUF_inst/IBUFCTRL_INST/O
                         net (fo=1, unplaced)         0.276     0.809    clk_IBUF
                         BUFGCE (Prop_BUFGCE_I_O)     0.028     0.837 r  clk_IBUF_BUFG_inst/O
                         net (fo=5391, unplaced)      2.584     3.421    clk_IBUF_BUFG
                         FDCE                                         r  pipeline_stage[14].state_reg_reg[14][105]/C
  -------------------------------------------------------------------    -------------------
                         FDCE (Prop_FDCE_C_Q)         0.077     3.498 r  pipeline_stage[14].state_reg_reg[14][105]/Q
                         net (fo=1, unplaced)         0.961     4.459    ciphertext_OBUF[105]
                         OBUF (Prop_OBUF_I_O)         0.910     5.370 r  ciphertext_OBUF[105]_inst/O
                         net (fo=0)                   0.000     5.370    ciphertext[105]
                                                                      r  ciphertext[105] (OUT)
  -------------------------------------------------------------------    -------------------

Slack:                    inf
  Source:                 pipeline_stage[14].state_reg_reg[14][106]/C
                            (rising edge-triggered cell FDCE clocked by clk  {rise@0.000ns fall@10.000ns period=20.000ns})
  Destination:            ciphertext[106]
                            (output port)
  Path Group:             (none)
  Path Type:              Max at Slow Process Corner
  Data Path Delay:        1.948ns  (logic 0.987ns (50.674%)  route 0.961ns (49.326%))
  Logic Levels:           1  (OBUF=1)
  Clock Uncertainty:      0.025ns  ((TSJ^2 + TIJ^2)^1/2 + DJ) / 2 + PE
    Total System Jitter     (TSJ):    0.050ns
    Total Input Jitter      (TIJ):    0.000ns
    Discrete Jitter          (DJ):    0.000ns
    Phase Error              (PE):    0.000ns

    Location             Delay type                Incr(ns)  Path(ns)    Netlist Resource(s)
  -------------------------------------------------------------------    -------------------
                         (clock clk rise edge)        0.000     0.000 r  
                                                      0.000     0.000 r  clk (IN)
                         net (fo=0)                   0.000     0.000    clk_IBUF_inst/I
                         INBUF (Prop_INBUF_PAD_O)     0.533     0.533 r  clk_IBUF_inst/INBUF_INST/O
                         net (fo=1, unplaced)         0.000     0.533    clk_IBUF_inst/OUT
                         IBUFCTRL (Prop_IBUFCTRL_I_O)
                                                      0.000     0.533 r  clk_IBUF_inst/IBUFCTRL_INST/O
                         net (fo=1, unplaced)         0.276     0.809    clk_IBUF
                         BUFGCE (Prop_BUFGCE_I_O)     0.028     0.837 r  clk_IBUF_BUFG_inst/O
                         net (fo=5391, unplaced)      2.584     3.421    clk_IBUF_BUFG
                         FDCE                                         r  pipeline_stage[14].state_reg_reg[14][106]/C
  -------------------------------------------------------------------    -------------------
                         FDCE (Prop_FDCE_C_Q)         0.077     3.498 r  pipeline_stage[14].state_reg_reg[14][106]/Q
                         net (fo=1, unplaced)         0.961     4.459    ciphertext_OBUF[106]
                         OBUF (Prop_OBUF_I_O)         0.910     5.370 r  ciphertext_OBUF[106]_inst/O
                         net (fo=0)                   0.000     5.370    ciphertext[106]
                                                                      r  ciphertext[106] (OUT)
  -------------------------------------------------------------------    -------------------

Slack:                    inf
  Source:                 pipeline_stage[14].state_reg_reg[14][107]/C
                            (rising edge-triggered cell FDCE clocked by clk  {rise@0.000ns fall@10.000ns period=20.000ns})
  Destination:            ciphertext[107]
                            (output port)
  Path Group:             (none)
  Path Type:              Max at Slow Process Corner
  Data Path Delay:        1.948ns  (logic 0.987ns (50.674%)  route 0.961ns (49.326%))
  Logic Levels:           1  (OBUF=1)
  Clock Uncertainty:      0.025ns  ((TSJ^2 + TIJ^2)^1/2 + DJ) / 2 + PE
    Total System Jitter     (TSJ):    0.050ns
    Total Input Jitter      (TIJ):    0.000ns
    Discrete Jitter          (DJ):    0.000ns
    Phase Error              (PE):    0.000ns

    Location             Delay type                Incr(ns)  Path(ns)    Netlist Resource(s)
  -------------------------------------------------------------------    -------------------
                         (clock clk rise edge)        0.000     0.000 r  
                                                      0.000     0.000 r  clk (IN)
                         net (fo=0)                   0.000     0.000    clk_IBUF_inst/I
                         INBUF (Prop_INBUF_PAD_O)     0.533     0.533 r  clk_IBUF_inst/INBUF_INST/O
                         net (fo=1, unplaced)         0.000     0.533    clk_IBUF_inst/OUT
                         IBUFCTRL (Prop_IBUFCTRL_I_O)
                                                      0.000     0.533 r  clk_IBUF_inst/IBUFCTRL_INST/O
                         net (fo=1, unplaced)         0.276     0.809    clk_IBUF
                         BUFGCE (Prop_BUFGCE_I_O)     0.028     0.837 r  clk_IBUF_BUFG_inst/O
                         net (fo=5391, unplaced)      2.584     3.421    clk_IBUF_BUFG
                         FDCE                                         r  pipeline_stage[14].state_reg_reg[14][107]/C
  -------------------------------------------------------------------    -------------------
                         FDCE (Prop_FDCE_C_Q)         0.077     3.498 r  pipeline_stage[14].state_reg_reg[14][107]/Q
                         net (fo=1, unplaced)         0.961     4.459    ciphertext_OBUF[107]
                         OBUF (Prop_OBUF_I_O)         0.910     5.370 r  ciphertext_OBUF[107]_inst/O
                         net (fo=0)                   0.000     5.370    ciphertext[107]
                                                                      r  ciphertext[107] (OUT)
  -------------------------------------------------------------------    -------------------

Slack:                    inf
  Source:                 pipeline_stage[14].state_reg_reg[14][108]/C
                            (rising edge-triggered cell FDCE clocked by clk  {rise@0.000ns fall@10.000ns period=20.000ns})
  Destination:            ciphertext[108]
                            (output port)
  Path Group:             (none)
  Path Type:              Max at Slow Process Corner
  Data Path Delay:        1.948ns  (logic 0.987ns (50.674%)  route 0.961ns (49.326%))
  Logic Levels:           1  (OBUF=1)
  Clock Uncertainty:      0.025ns  ((TSJ^2 + TIJ^2)^1/2 + DJ) / 2 + PE
    Total System Jitter     (TSJ):    0.050ns
    Total Input Jitter      (TIJ):    0.000ns
    Discrete Jitter          (DJ):    0.000ns
    Phase Error              (PE):    0.000ns

    Location             Delay type                Incr(ns)  Path(ns)    Netlist Resource(s)
  -------------------------------------------------------------------    -------------------
                         (clock clk rise edge)        0.000     0.000 r  
                                                      0.000     0.000 r  clk (IN)
                         net (fo=0)                   0.000     0.000    clk_IBUF_inst/I
                         INBUF (Prop_INBUF_PAD_O)     0.533     0.533 r  clk_IBUF_inst/INBUF_INST/O
                         net (fo=1, unplaced)         0.000     0.533    clk_IBUF_inst/OUT
                         IBUFCTRL (Prop_IBUFCTRL_I_O)
                                                      0.000     0.533 r  clk_IBUF_inst/IBUFCTRL_INST/O
                         net (fo=1, unplaced)         0.276     0.809    clk_IBUF
                         BUFGCE (Prop_BUFGCE_I_O)     0.028     0.837 r  clk_IBUF_BUFG_inst/O
                         net (fo=5391, unplaced)      2.584     3.421    clk_IBUF_BUFG
                         FDCE                                         r  pipeline_stage[14].state_reg_reg[14][108]/C
  -------------------------------------------------------------------    -------------------
                         FDCE (Prop_FDCE_C_Q)         0.077     3.498 r  pipeline_stage[14].state_reg_reg[14][108]/Q
                         net (fo=1, unplaced)         0.961     4.459    ciphertext_OBUF[108]
                         OBUF (Prop_OBUF_I_O)         0.910     5.370 r  ciphertext_OBUF[108]_inst/O
                         net (fo=0)                   0.000     5.370    ciphertext[108]
                                                                      r  ciphertext[108] (OUT)
  -------------------------------------------------------------------    -------------------

Slack:                    inf
  Source:                 pipeline_stage[14].state_reg_reg[14][109]/C
                            (rising edge-triggered cell FDCE clocked by clk  {rise@0.000ns fall@10.000ns period=20.000ns})
  Destination:            ciphertext[109]
                            (output port)
  Path Group:             (none)
  Path Type:              Max at Slow Process Corner
  Data Path Delay:        1.948ns  (logic 0.987ns (50.674%)  route 0.961ns (49.326%))
  Logic Levels:           1  (OBUF=1)
  Clock Uncertainty:      0.025ns  ((TSJ^2 + TIJ^2)^1/2 + DJ) / 2 + PE
    Total System Jitter     (TSJ):    0.050ns
    Total Input Jitter      (TIJ):    0.000ns
    Discrete Jitter          (DJ):    0.000ns
    Phase Error              (PE):    0.000ns

    Location             Delay type                Incr(ns)  Path(ns)    Netlist Resource(s)
  -------------------------------------------------------------------    -------------------
                         (clock clk rise edge)        0.000     0.000 r  
                                                      0.000     0.000 r  clk (IN)
                         net (fo=0)                   0.000     0.000    clk_IBUF_inst/I
                         INBUF (Prop_INBUF_PAD_O)     0.533     0.533 r  clk_IBUF_inst/INBUF_INST/O
                         net (fo=1, unplaced)         0.000     0.533    clk_IBUF_inst/OUT
                         IBUFCTRL (Prop_IBUFCTRL_I_O)
                                                      0.000     0.533 r  clk_IBUF_inst/IBUFCTRL_INST/O
                         net (fo=1, unplaced)         0.276     0.809    clk_IBUF
                         BUFGCE (Prop_BUFGCE_I_O)     0.028     0.837 r  clk_IBUF_BUFG_inst/O
                         net (fo=5391, unplaced)      2.584     3.421    clk_IBUF_BUFG
                         FDCE                                         r  pipeline_stage[14].state_reg_reg[14][109]/C
  -------------------------------------------------------------------    -------------------
                         FDCE (Prop_FDCE_C_Q)         0.077     3.498 r  pipeline_stage[14].state_reg_reg[14][109]/Q
                         net (fo=1, unplaced)         0.961     4.459    ciphertext_OBUF[109]
                         OBUF (Prop_OBUF_I_O)         0.910     5.370 r  ciphertext_OBUF[109]_inst/O
                         net (fo=0)                   0.000     5.370    ciphertext[109]
                                                                      r  ciphertext[109] (OUT)
  -------------------------------------------------------------------    -------------------

Slack:                    inf
  Source:                 pipeline_stage[14].state_reg_reg[14][10]/C
                            (rising edge-triggered cell FDCE clocked by clk  {rise@0.000ns fall@10.000ns period=20.000ns})
  Destination:            ciphertext[10]
                            (output port)
  Path Group:             (none)
  Path Type:              Max at Slow Process Corner
  Data Path Delay:        1.948ns  (logic 0.987ns (50.674%)  route 0.961ns (49.326%))
  Logic Levels:           1  (OBUF=1)
  Clock Uncertainty:      0.025ns  ((TSJ^2 + TIJ^2)^1/2 + DJ) / 2 + PE
    Total System Jitter     (TSJ):    0.050ns
    Total Input Jitter      (TIJ):    0.000ns
    Discrete Jitter          (DJ):    0.000ns
    Phase Error              (PE):    0.000ns

    Location             Delay type                Incr(ns)  Path(ns)    Netlist Resource(s)
  -------------------------------------------------------------------    -------------------
                         (clock clk rise edge)        0.000     0.000 r  
                                                      0.000     0.000 r  clk (IN)
                         net (fo=0)                   0.000     0.000    clk_IBUF_inst/I
                         INBUF (Prop_INBUF_PAD_O)     0.533     0.533 r  clk_IBUF_inst/INBUF_INST/O
                         net (fo=1, unplaced)         0.000     0.533    clk_IBUF_inst/OUT
                         IBUFCTRL (Prop_IBUFCTRL_I_O)
                                                      0.000     0.533 r  clk_IBUF_inst/IBUFCTRL_INST/O
                         net (fo=1, unplaced)         0.276     0.809    clk_IBUF
                         BUFGCE (Prop_BUFGCE_I_O)     0.028     0.837 r  clk_IBUF_BUFG_inst/O
                         net (fo=5391, unplaced)      2.584     3.421    clk_IBUF_BUFG
                         FDCE                                         r  pipeline_stage[14].state_reg_reg[14][10]/C
  -------------------------------------------------------------------    -------------------
                         FDCE (Prop_FDCE_C_Q)         0.077     3.498 r  pipeline_stage[14].state_reg_reg[14][10]/Q
                         net (fo=1, unplaced)         0.961     4.459    ciphertext_OBUF[10]
                         OBUF (Prop_OBUF_I_O)         0.910     5.370 r  ciphertext_OBUF[10]_inst/O
                         net (fo=0)                   0.000     5.370    ciphertext[10]
                                                                      r  ciphertext[10] (OUT)
  -------------------------------------------------------------------    -------------------

Slack:                    inf
  Source:                 pipeline_stage[14].state_reg_reg[14][110]/C
                            (rising edge-triggered cell FDCE clocked by clk  {rise@0.000ns fall@10.000ns period=20.000ns})
  Destination:            ciphertext[110]
                            (output port)
  Path Group:             (none)
  Path Type:              Max at Slow Process Corner
  Data Path Delay:        1.948ns  (logic 0.987ns (50.674%)  route 0.961ns (49.326%))
  Logic Levels:           1  (OBUF=1)
  Clock Uncertainty:      0.025ns  ((TSJ^2 + TIJ^2)^1/2 + DJ) / 2 + PE
    Total System Jitter     (TSJ):    0.050ns
    Total Input Jitter      (TIJ):    0.000ns
    Discrete Jitter          (DJ):    0.000ns
    Phase Error              (PE):    0.000ns

    Location             Delay type                Incr(ns)  Path(ns)    Netlist Resource(s)
  -------------------------------------------------------------------    -------------------
                         (clock clk rise edge)        0.000     0.000 r  
                                                      0.000     0.000 r  clk (IN)
                         net (fo=0)                   0.000     0.000    clk_IBUF_inst/I
                         INBUF (Prop_INBUF_PAD_O)     0.533     0.533 r  clk_IBUF_inst/INBUF_INST/O
                         net (fo=1, unplaced)         0.000     0.533    clk_IBUF_inst/OUT
                         IBUFCTRL (Prop_IBUFCTRL_I_O)
                                                      0.000     0.533 r  clk_IBUF_inst/IBUFCTRL_INST/O
                         net (fo=1, unplaced)         0.276     0.809    clk_IBUF
                         BUFGCE (Prop_BUFGCE_I_O)     0.028     0.837 r  clk_IBUF_BUFG_inst/O
                         net (fo=5391, unplaced)      2.584     3.421    clk_IBUF_BUFG
                         FDCE                                         r  pipeline_stage[14].state_reg_reg[14][110]/C
  -------------------------------------------------------------------    -------------------
                         FDCE (Prop_FDCE_C_Q)         0.077     3.498 r  pipeline_stage[14].state_reg_reg[14][110]/Q
                         net (fo=1, unplaced)         0.961     4.459    ciphertext_OBUF[110]
                         OBUF (Prop_OBUF_I_O)         0.910     5.370 r  ciphertext_OBUF[110]_inst/O
                         net (fo=0)                   0.000     5.370    ciphertext[110]
                                                                      r  ciphertext[110] (OUT)
  -------------------------------------------------------------------    -------------------

Slack:                    inf
  Source:                 pipeline_stage[14].state_reg_reg[14][111]/C
                            (rising edge-triggered cell FDCE clocked by clk  {rise@0.000ns fall@10.000ns period=20.000ns})
  Destination:            ciphertext[111]
                            (output port)
  Path Group:             (none)
  Path Type:              Max at Slow Process Corner
  Data Path Delay:        1.948ns  (logic 0.987ns (50.674%)  route 0.961ns (49.326%))
  Logic Levels:           1  (OBUF=1)
  Clock Uncertainty:      0.025ns  ((TSJ^2 + TIJ^2)^1/2 + DJ) / 2 + PE
    Total System Jitter     (TSJ):    0.050ns
    Total Input Jitter      (TIJ):    0.000ns
    Discrete Jitter          (DJ):    0.000ns
    Phase Error              (PE):    0.000ns

    Location             Delay type                Incr(ns)  Path(ns)    Netlist Resource(s)
  -------------------------------------------------------------------    -------------------
                         (clock clk rise edge)        0.000     0.000 r  
                                                      0.000     0.000 r  clk (IN)
                         net (fo=0)                   0.000     0.000    clk_IBUF_inst/I
                         INBUF (Prop_INBUF_PAD_O)     0.533     0.533 r  clk_IBUF_inst/INBUF_INST/O
                         net (fo=1, unplaced)         0.000     0.533    clk_IBUF_inst/OUT
                         IBUFCTRL (Prop_IBUFCTRL_I_O)
                                                      0.000     0.533 r  clk_IBUF_inst/IBUFCTRL_INST/O
                         net (fo=1, unplaced)         0.276     0.809    clk_IBUF
                         BUFGCE (Prop_BUFGCE_I_O)     0.028     0.837 r  clk_IBUF_BUFG_inst/O
                         net (fo=5391, unplaced)      2.584     3.421    clk_IBUF_BUFG
                         FDCE                                         r  pipeline_stage[14].state_reg_reg[14][111]/C
  -------------------------------------------------------------------    -------------------
                         FDCE (Prop_FDCE_C_Q)         0.077     3.498 r  pipeline_stage[14].state_reg_reg[14][111]/Q
                         net (fo=1, unplaced)         0.961     4.459    ciphertext_OBUF[111]
                         OBUF (Prop_OBUF_I_O)         0.910     5.370 r  ciphertext_OBUF[111]_inst/O
                         net (fo=0)                   0.000     5.370    ciphertext[111]
                                                                      r  ciphertext[111] (OUT)
  -------------------------------------------------------------------    -------------------

Slack:                    inf
  Source:                 pipeline_stage[14].state_reg_reg[14][112]/C
                            (rising edge-triggered cell FDCE clocked by clk  {rise@0.000ns fall@10.000ns period=20.000ns})
  Destination:            ciphertext[112]
                            (output port)
  Path Group:             (none)
  Path Type:              Max at Slow Process Corner
  Data Path Delay:        1.948ns  (logic 0.987ns (50.674%)  route 0.961ns (49.326%))
  Logic Levels:           1  (OBUF=1)
  Clock Uncertainty:      0.025ns  ((TSJ^2 + TIJ^2)^1/2 + DJ) / 2 + PE
    Total System Jitter     (TSJ):    0.050ns
    Total Input Jitter      (TIJ):    0.000ns
    Discrete Jitter          (DJ):    0.000ns
    Phase Error              (PE):    0.000ns

    Location             Delay type                Incr(ns)  Path(ns)    Netlist Resource(s)
  -------------------------------------------------------------------    -------------------
                         (clock clk rise edge)        0.000     0.000 r  
                                                      0.000     0.000 r  clk (IN)
                         net (fo=0)                   0.000     0.000    clk_IBUF_inst/I
                         INBUF (Prop_INBUF_PAD_O)     0.533     0.533 r  clk_IBUF_inst/INBUF_INST/O
                         net (fo=1, unplaced)         0.000     0.533    clk_IBUF_inst/OUT
                         IBUFCTRL (Prop_IBUFCTRL_I_O)
                                                      0.000     0.533 r  clk_IBUF_inst/IBUFCTRL_INST/O
                         net (fo=1, unplaced)         0.276     0.809    clk_IBUF
                         BUFGCE (Prop_BUFGCE_I_O)     0.028     0.837 r  clk_IBUF_BUFG_inst/O
                         net (fo=5391, unplaced)      2.584     3.421    clk_IBUF_BUFG
                         FDCE                                         r  pipeline_stage[14].state_reg_reg[14][112]/C
  -------------------------------------------------------------------    -------------------
                         FDCE (Prop_FDCE_C_Q)         0.077     3.498 r  pipeline_stage[14].state_reg_reg[14][112]/Q
                         net (fo=1, unplaced)         0.961     4.459    ciphertext_OBUF[112]
                         OBUF (Prop_OBUF_I_O)         0.910     5.370 r  ciphertext_OBUF[112]_inst/O
                         net (fo=0)                   0.000     5.370    ciphertext[112]
                                                                      r  ciphertext[112] (OUT)
  -------------------------------------------------------------------    -------------------

Slack:                    inf
  Source:                 pipeline_stage[14].state_reg_reg[14][113]/C
                            (rising edge-triggered cell FDCE clocked by clk  {rise@0.000ns fall@10.000ns period=20.000ns})
  Destination:            ciphertext[113]
                            (output port)
  Path Group:             (none)
  Path Type:              Max at Slow Process Corner
  Data Path Delay:        1.948ns  (logic 0.987ns (50.674%)  route 0.961ns (49.326%))
  Logic Levels:           1  (OBUF=1)
  Clock Uncertainty:      0.025ns  ((TSJ^2 + TIJ^2)^1/2 + DJ) / 2 + PE
    Total System Jitter     (TSJ):    0.050ns
    Total Input Jitter      (TIJ):    0.000ns
    Discrete Jitter          (DJ):    0.000ns
    Phase Error              (PE):    0.000ns

    Location             Delay type                Incr(ns)  Path(ns)    Netlist Resource(s)
  -------------------------------------------------------------------    -------------------
                         (clock clk rise edge)        0.000     0.000 r  
                                                      0.000     0.000 r  clk (IN)
                         net (fo=0)                   0.000     0.000    clk_IBUF_inst/I
                         INBUF (Prop_INBUF_PAD_O)     0.533     0.533 r  clk_IBUF_inst/INBUF_INST/O
                         net (fo=1, unplaced)         0.000     0.533    clk_IBUF_inst/OUT
                         IBUFCTRL (Prop_IBUFCTRL_I_O)
                                                      0.000     0.533 r  clk_IBUF_inst/IBUFCTRL_INST/O
                         net (fo=1, unplaced)         0.276     0.809    clk_IBUF
                         BUFGCE (Prop_BUFGCE_I_O)     0.028     0.837 r  clk_IBUF_BUFG_inst/O
                         net (fo=5391, unplaced)      2.584     3.421    clk_IBUF_BUFG
                         FDCE                                         r  pipeline_stage[14].state_reg_reg[14][113]/C
  -------------------------------------------------------------------    -------------------
                         FDCE (Prop_FDCE_C_Q)         0.077     3.498 r  pipeline_stage[14].state_reg_reg[14][113]/Q
                         net (fo=1, unplaced)         0.961     4.459    ciphertext_OBUF[113]
                         OBUF (Prop_OBUF_I_O)         0.910     5.370 r  ciphertext_OBUF[113]_inst/O
                         net (fo=0)                   0.000     5.370    ciphertext[113]
                                                                      r  ciphertext[113] (OUT)
  -------------------------------------------------------------------    -------------------

Slack:                    inf
  Source:                 pipeline_stage[14].state_reg_reg[14][114]/C
                            (rising edge-triggered cell FDCE clocked by clk  {rise@0.000ns fall@10.000ns period=20.000ns})
  Destination:            ciphertext[114]
                            (output port)
  Path Group:             (none)
  Path Type:              Max at Slow Process Corner
  Data Path Delay:        1.948ns  (logic 0.987ns (50.674%)  route 0.961ns (49.326%))
  Logic Levels:           1  (OBUF=1)
  Clock Uncertainty:      0.025ns  ((TSJ^2 + TIJ^2)^1/2 + DJ) / 2 + PE
    Total System Jitter     (TSJ):    0.050ns
    Total Input Jitter      (TIJ):    0.000ns
    Discrete Jitter          (DJ):    0.000ns
    Phase Error              (PE):    0.000ns

    Location             Delay type                Incr(ns)  Path(ns)    Netlist Resource(s)
  -------------------------------------------------------------------    -------------------
                         (clock clk rise edge)        0.000     0.000 r  
                                                      0.000     0.000 r  clk (IN)
                         net (fo=0)                   0.000     0.000    clk_IBUF_inst/I
                         INBUF (Prop_INBUF_PAD_O)     0.533     0.533 r  clk_IBUF_inst/INBUF_INST/O
                         net (fo=1, unplaced)         0.000     0.533    clk_IBUF_inst/OUT
                         IBUFCTRL (Prop_IBUFCTRL_I_O)
                                                      0.000     0.533 r  clk_IBUF_inst/IBUFCTRL_INST/O
                         net (fo=1, unplaced)         0.276     0.809    clk_IBUF
                         BUFGCE (Prop_BUFGCE_I_O)     0.028     0.837 r  clk_IBUF_BUFG_inst/O
                         net (fo=5391, unplaced)      2.584     3.421    clk_IBUF_BUFG
                         FDCE                                         r  pipeline_stage[14].state_reg_reg[14][114]/C
  -------------------------------------------------------------------    -------------------
                         FDCE (Prop_FDCE_C_Q)         0.077     3.498 r  pipeline_stage[14].state_reg_reg[14][114]/Q
                         net (fo=1, unplaced)         0.961     4.459    ciphertext_OBUF[114]
                         OBUF (Prop_OBUF_I_O)         0.910     5.370 r  ciphertext_OBUF[114]_inst/O
                         net (fo=0)                   0.000     5.370    ciphertext[114]
                                                                      r  ciphertext[114] (OUT)
  -------------------------------------------------------------------    -------------------

Slack:                    inf
  Source:                 pipeline_stage[14].state_reg_reg[14][115]/C
                            (rising edge-triggered cell FDCE clocked by clk  {rise@0.000ns fall@10.000ns period=20.000ns})
  Destination:            ciphertext[115]
                            (output port)
  Path Group:             (none)
  Path Type:              Max at Slow Process Corner
  Data Path Delay:        1.948ns  (logic 0.987ns (50.674%)  route 0.961ns (49.326%))
  Logic Levels:           1  (OBUF=1)
  Clock Uncertainty:      0.025ns  ((TSJ^2 + TIJ^2)^1/2 + DJ) / 2 + PE
    Total System Jitter     (TSJ):    0.050ns
    Total Input Jitter      (TIJ):    0.000ns
    Discrete Jitter          (DJ):    0.000ns
    Phase Error              (PE):    0.000ns

    Location             Delay type                Incr(ns)  Path(ns)    Netlist Resource(s)
  -------------------------------------------------------------------    -------------------
                         (clock clk rise edge)        0.000     0.000 r  
                                                      0.000     0.000 r  clk (IN)
                         net (fo=0)                   0.000     0.000    clk_IBUF_inst/I
                         INBUF (Prop_INBUF_PAD_O)     0.533     0.533 r  clk_IBUF_inst/INBUF_INST/O
                         net (fo=1, unplaced)         0.000     0.533    clk_IBUF_inst/OUT
                         IBUFCTRL (Prop_IBUFCTRL_I_O)
                                                      0.000     0.533 r  clk_IBUF_inst/IBUFCTRL_INST/O
                         net (fo=1, unplaced)         0.276     0.809    clk_IBUF
                         BUFGCE (Prop_BUFGCE_I_O)     0.028     0.837 r  clk_IBUF_BUFG_inst/O
                         net (fo=5391, unplaced)      2.584     3.421    clk_IBUF_BUFG
                         FDCE                                         r  pipeline_stage[14].state_reg_reg[14][115]/C
  -------------------------------------------------------------------    -------------------
                         FDCE (Prop_FDCE_C_Q)         0.077     3.498 r  pipeline_stage[14].state_reg_reg[14][115]/Q
                         net (fo=1, unplaced)         0.961     4.459    ciphertext_OBUF[115]
                         OBUF (Prop_OBUF_I_O)         0.910     5.370 r  ciphertext_OBUF[115]_inst/O
                         net (fo=0)                   0.000     5.370    ciphertext[115]
                                                                      r  ciphertext[115] (OUT)
  -------------------------------------------------------------------    -------------------

Slack:                    inf
  Source:                 pipeline_stage[14].state_reg_reg[14][116]/C
                            (rising edge-triggered cell FDCE clocked by clk  {rise@0.000ns fall@10.000ns period=20.000ns})
  Destination:            ciphertext[116]
                            (output port)
  Path Group:             (none)
  Path Type:              Max at Slow Process Corner
  Data Path Delay:        1.948ns  (logic 0.987ns (50.674%)  route 0.961ns (49.326%))
  Logic Levels:           1  (OBUF=1)
  Clock Uncertainty:      0.025ns  ((TSJ^2 + TIJ^2)^1/2 + DJ) / 2 + PE
    Total System Jitter     (TSJ):    0.050ns
    Total Input Jitter      (TIJ):    0.000ns
    Discrete Jitter          (DJ):    0.000ns
    Phase Error              (PE):    0.000ns

    Location             Delay type                Incr(ns)  Path(ns)    Netlist Resource(s)
  -------------------------------------------------------------------    -------------------
                         (clock clk rise edge)        0.000     0.000 r  
                                                      0.000     0.000 r  clk (IN)
                         net (fo=0)                   0.000     0.000    clk_IBUF_inst/I
                         INBUF (Prop_INBUF_PAD_O)     0.533     0.533 r  clk_IBUF_inst/INBUF_INST/O
                         net (fo=1, unplaced)         0.000     0.533    clk_IBUF_inst/OUT
                         IBUFCTRL (Prop_IBUFCTRL_I_O)
                                                      0.000     0.533 r  clk_IBUF_inst/IBUFCTRL_INST/O
                         net (fo=1, unplaced)         0.276     0.809    clk_IBUF
                         BUFGCE (Prop_BUFGCE_I_O)     0.028     0.837 r  clk_IBUF_BUFG_inst/O
                         net (fo=5391, unplaced)      2.584     3.421    clk_IBUF_BUFG
                         FDCE                                         r  pipeline_stage[14].state_reg_reg[14][116]/C
  -------------------------------------------------------------------    -------------------
                         FDCE (Prop_FDCE_C_Q)         0.077     3.498 r  pipeline_stage[14].state_reg_reg[14][116]/Q
                         net (fo=1, unplaced)         0.961     4.459    ciphertext_OBUF[116]
                         OBUF (Prop_OBUF_I_O)         0.910     5.370 r  ciphertext_OBUF[116]_inst/O
                         net (fo=0)                   0.000     5.370    ciphertext[116]
                                                                      r  ciphertext[116] (OUT)
  -------------------------------------------------------------------    -------------------

Slack:                    inf
  Source:                 pipeline_stage[14].state_reg_reg[14][117]/C
                            (rising edge-triggered cell FDCE clocked by clk  {rise@0.000ns fall@10.000ns period=20.000ns})
  Destination:            ciphertext[117]
                            (output port)
  Path Group:             (none)
  Path Type:              Max at Slow Process Corner
  Data Path Delay:        1.948ns  (logic 0.987ns (50.674%)  route 0.961ns (49.326%))
  Logic Levels:           1  (OBUF=1)
  Clock Uncertainty:      0.025ns  ((TSJ^2 + TIJ^2)^1/2 + DJ) / 2 + PE
    Total System Jitter     (TSJ):    0.050ns
    Total Input Jitter      (TIJ):    0.000ns
    Discrete Jitter          (DJ):    0.000ns
    Phase Error              (PE):    0.000ns

    Location             Delay type                Incr(ns)  Path(ns)    Netlist Resource(s)
  -------------------------------------------------------------------    -------------------
                         (clock clk rise edge)        0.000     0.000 r  
                                                      0.000     0.000 r  clk (IN)
                         net (fo=0)                   0.000     0.000    clk_IBUF_inst/I
                         INBUF (Prop_INBUF_PAD_O)     0.533     0.533 r  clk_IBUF_inst/INBUF_INST/O
                         net (fo=1, unplaced)         0.000     0.533    clk_IBUF_inst/OUT
                         IBUFCTRL (Prop_IBUFCTRL_I_O)
                                                      0.000     0.533 r  clk_IBUF_inst/IBUFCTRL_INST/O
                         net (fo=1, unplaced)         0.276     0.809    clk_IBUF
                         BUFGCE (Prop_BUFGCE_I_O)     0.028     0.837 r  clk_IBUF_BUFG_inst/O
                         net (fo=5391, unplaced)      2.584     3.421    clk_IBUF_BUFG
                         FDCE                                         r  pipeline_stage[14].state_reg_reg[14][117]/C
  -------------------------------------------------------------------    -------------------
                         FDCE (Prop_FDCE_C_Q)         0.077     3.498 r  pipeline_stage[14].state_reg_reg[14][117]/Q
                         net (fo=1, unplaced)         0.961     4.459    ciphertext_OBUF[117]
                         OBUF (Prop_OBUF_I_O)         0.910     5.370 r  ciphertext_OBUF[117]_inst/O
                         net (fo=0)                   0.000     5.370    ciphertext[117]
                                                                      r  ciphertext[117] (OUT)
  -------------------------------------------------------------------    -------------------





Min Delay Paths
--------------------------------------------------------------------------------------
Slack:                    inf
  Source:                 pipeline_stage[14].state_reg_reg[14][0]/C
                            (rising edge-triggered cell FDCE clocked by clk  {rise@0.000ns fall@10.000ns period=20.000ns})
  Destination:            ciphertext[0]
                            (output port)
  Path Group:             (none)
  Path Type:              Min at Fast Process Corner
  Data Path Delay:        0.861ns  (logic 0.440ns (51.110%)  route 0.421ns (48.890%))
  Logic Levels:           1  (OBUF=1)
  Clock Uncertainty:      0.025ns  ((TSJ^2 + TIJ^2)^1/2 + DJ) / 2 + PE
    Total System Jitter     (TSJ):    0.050ns
    Total Input Jitter      (TIJ):    0.000ns
    Discrete Jitter          (DJ):    0.000ns
    Phase Error              (PE):    0.000ns

    Location             Delay type                Incr(ns)  Path(ns)    Netlist Resource(s)
  -------------------------------------------------------------------    -------------------
                         (clock clk rise edge)        0.000     0.000 r  
                                                      0.000     0.000 r  clk (IN)
                         net (fo=0)                   0.000     0.000    clk_IBUF_inst/I
                         INBUF (Prop_INBUF_PAD_O)     0.168     0.168 r  clk_IBUF_inst/INBUF_INST/O
                         net (fo=1, unplaced)         0.000     0.168    clk_IBUF_inst/OUT
                         IBUFCTRL (Prop_IBUFCTRL_I_O)
                                                      0.000     0.168 r  clk_IBUF_inst/IBUFCTRL_INST/O
                         net (fo=1, unplaced)         0.116     0.284    clk_IBUF
                         BUFGCE (Prop_BUFGCE_I_O)     0.017     0.301 r  clk_IBUF_BUFG_inst/O
                         net (fo=5391, unplaced)      1.114     1.415    clk_IBUF_BUFG
                         FDCE                                         r  pipeline_stage[14].state_reg_reg[14][0]/C
  -------------------------------------------------------------------    -------------------
                         FDCE (Prop_FDCE_C_Q)         0.038     1.453 r  pipeline_stage[14].state_reg_reg[14][0]/Q
                         net (fo=1, unplaced)         0.421     1.874    ciphertext_OBUF[0]
                         OBUF (Prop_OBUF_I_O)         0.402     2.276 r  ciphertext_OBUF[0]_inst/O
                         net (fo=0)                   0.000     2.276    ciphertext[0]
                                                                      r  ciphertext[0] (OUT)
  -------------------------------------------------------------------    -------------------

Slack:                    inf
  Source:                 pipeline_stage[14].state_reg_reg[14][100]/C
                            (rising edge-triggered cell FDCE clocked by clk  {rise@0.000ns fall@10.000ns period=20.000ns})
  Destination:            ciphertext[100]
                            (output port)
  Path Group:             (none)
  Path Type:              Min at Fast Process Corner
  Data Path Delay:        0.861ns  (logic 0.440ns (51.110%)  route 0.421ns (48.890%))
  Logic Levels:           1  (OBUF=1)
  Clock Uncertainty:      0.025ns  ((TSJ^2 + TIJ^2)^1/2 + DJ) / 2 + PE
    Total System Jitter     (TSJ):    0.050ns
    Total Input Jitter      (TIJ):    0.000ns
    Discrete Jitter          (DJ):    0.000ns
    Phase Error              (PE):    0.000ns

    Location             Delay type                Incr(ns)  Path(ns)    Netlist Resource(s)
  -------------------------------------------------------------------    -------------------
                         (clock clk rise edge)        0.000     0.000 r  
                                                      0.000     0.000 r  clk (IN)
                         net (fo=0)                   0.000     0.000    clk_IBUF_inst/I
                         INBUF (Prop_INBUF_PAD_O)     0.168     0.168 r  clk_IBUF_inst/INBUF_INST/O
                         net (fo=1, unplaced)         0.000     0.168    clk_IBUF_inst/OUT
                         IBUFCTRL (Prop_IBUFCTRL_I_O)
                                                      0.000     0.168 r  clk_IBUF_inst/IBUFCTRL_INST/O
                         net (fo=1, unplaced)         0.116     0.284    clk_IBUF
                         BUFGCE (Prop_BUFGCE_I_O)     0.017     0.301 r  clk_IBUF_BUFG_inst/O
                         net (fo=5391, unplaced)      1.114     1.415    clk_IBUF_BUFG
                         FDCE                                         r  pipeline_stage[14].state_reg_reg[14][100]/C
  -------------------------------------------------------------------    -------------------
                         FDCE (Prop_FDCE_C_Q)         0.038     1.453 r  pipeline_stage[14].state_reg_reg[14][100]/Q
                         net (fo=1, unplaced)         0.421     1.874    ciphertext_OBUF[100]
                         OBUF (Prop_OBUF_I_O)         0.402     2.276 r  ciphertext_OBUF[100]_inst/O
                         net (fo=0)                   0.000     2.276    ciphertext[100]
                                                                      r  ciphertext[100] (OUT)
  -------------------------------------------------------------------    -------------------

Slack:                    inf
  Source:                 pipeline_stage[14].state_reg_reg[14][101]/C
                            (rising edge-triggered cell FDCE clocked by clk  {rise@0.000ns fall@10.000ns period=20.000ns})
  Destination:            ciphertext[101]
                            (output port)
  Path Group:             (none)
  Path Type:              Min at Fast Process Corner
  Data Path Delay:        0.861ns  (logic 0.440ns (51.110%)  route 0.421ns (48.890%))
  Logic Levels:           1  (OBUF=1)
  Clock Uncertainty:      0.025ns  ((TSJ^2 + TIJ^2)^1/2 + DJ) / 2 + PE
    Total System Jitter     (TSJ):    0.050ns
    Total Input Jitter      (TIJ):    0.000ns
    Discrete Jitter          (DJ):    0.000ns
    Phase Error              (PE):    0.000ns

    Location             Delay type                Incr(ns)  Path(ns)    Netlist Resource(s)
  -------------------------------------------------------------------    -------------------
                         (clock clk rise edge)        0.000     0.000 r  
                                                      0.000     0.000 r  clk (IN)
                         net (fo=0)                   0.000     0.000    clk_IBUF_inst/I
                         INBUF (Prop_INBUF_PAD_O)     0.168     0.168 r  clk_IBUF_inst/INBUF_INST/O
                         net (fo=1, unplaced)         0.000     0.168    clk_IBUF_inst/OUT
                         IBUFCTRL (Prop_IBUFCTRL_I_O)
                                                      0.000     0.168 r  clk_IBUF_inst/IBUFCTRL_INST/O
                         net (fo=1, unplaced)         0.116     0.284    clk_IBUF
                         BUFGCE (Prop_BUFGCE_I_O)     0.017     0.301 r  clk_IBUF_BUFG_inst/O
                         net (fo=5391, unplaced)      1.114     1.415    clk_IBUF_BUFG
                         FDCE                                         r  pipeline_stage[14].state_reg_reg[14][101]/C
  -------------------------------------------------------------------    -------------------
                         FDCE (Prop_FDCE_C_Q)         0.038     1.453 r  pipeline_stage[14].state_reg_reg[14][101]/Q
                         net (fo=1, unplaced)         0.421     1.874    ciphertext_OBUF[101]
                         OBUF (Prop_OBUF_I_O)         0.402     2.276 r  ciphertext_OBUF[101]_inst/O
                         net (fo=0)                   0.000     2.276    ciphertext[101]
                                                                      r  ciphertext[101] (OUT)
  -------------------------------------------------------------------    -------------------

Slack:                    inf
  Source:                 pipeline_stage[14].state_reg_reg[14][102]/C
                            (rising edge-triggered cell FDCE clocked by clk  {rise@0.000ns fall@10.000ns period=20.000ns})
  Destination:            ciphertext[102]
                            (output port)
  Path Group:             (none)
  Path Type:              Min at Fast Process Corner
  Data Path Delay:        0.861ns  (logic 0.440ns (51.110%)  route 0.421ns (48.890%))
  Logic Levels:           1  (OBUF=1)
  Clock Uncertainty:      0.025ns  ((TSJ^2 + TIJ^2)^1/2 + DJ) / 2 + PE
    Total System Jitter     (TSJ):    0.050ns
    Total Input Jitter      (TIJ):    0.000ns
    Discrete Jitter          (DJ):    0.000ns
    Phase Error              (PE):    0.000ns

    Location             Delay type                Incr(ns)  Path(ns)    Netlist Resource(s)
  -------------------------------------------------------------------    -------------------
                         (clock clk rise edge)        0.000     0.000 r  
                                                      0.000     0.000 r  clk (IN)
                         net (fo=0)                   0.000     0.000    clk_IBUF_inst/I
                         INBUF (Prop_INBUF_PAD_O)     0.168     0.168 r  clk_IBUF_inst/INBUF_INST/O
                         net (fo=1, unplaced)         0.000     0.168    clk_IBUF_inst/OUT
                         IBUFCTRL (Prop_IBUFCTRL_I_O)
                                                      0.000     0.168 r  clk_IBUF_inst/IBUFCTRL_INST/O
                         net (fo=1, unplaced)         0.116     0.284    clk_IBUF
                         BUFGCE (Prop_BUFGCE_I_O)     0.017     0.301 r  clk_IBUF_BUFG_inst/O
                         net (fo=5391, unplaced)      1.114     1.415    clk_IBUF_BUFG
                         FDCE                                         r  pipeline_stage[14].state_reg_reg[14][102]/C
  -------------------------------------------------------------------    -------------------
                         FDCE (Prop_FDCE_C_Q)         0.038     1.453 r  pipeline_stage[14].state_reg_reg[14][102]/Q
                         net (fo=1, unplaced)         0.421     1.874    ciphertext_OBUF[102]
                         OBUF (Prop_OBUF_I_O)         0.402     2.276 r  ciphertext_OBUF[102]_inst/O
                         net (fo=0)                   0.000     2.276    ciphertext[102]
                                                                      r  ciphertext[102] (OUT)
  -------------------------------------------------------------------    -------------------

Slack:                    inf
  Source:                 pipeline_stage[14].state_reg_reg[14][103]/C
                            (rising edge-triggered cell FDCE clocked by clk  {rise@0.000ns fall@10.000ns period=20.000ns})
  Destination:            ciphertext[103]
                            (output port)
  Path Group:             (none)
  Path Type:              Min at Fast Process Corner
  Data Path Delay:        0.861ns  (logic 0.440ns (51.110%)  route 0.421ns (48.890%))
  Logic Levels:           1  (OBUF=1)
  Clock Uncertainty:      0.025ns  ((TSJ^2 + TIJ^2)^1/2 + DJ) / 2 + PE
    Total System Jitter     (TSJ):    0.050ns
    Total Input Jitter      (TIJ):    0.000ns
    Discrete Jitter          (DJ):    0.000ns
    Phase Error              (PE):    0.000ns

    Location             Delay type                Incr(ns)  Path(ns)    Netlist Resource(s)
  -------------------------------------------------------------------    -------------------
                         (clock clk rise edge)        0.000     0.000 r  
                                                      0.000     0.000 r  clk (IN)
                         net (fo=0)                   0.000     0.000    clk_IBUF_inst/I
                         INBUF (Prop_INBUF_PAD_O)     0.168     0.168 r  clk_IBUF_inst/INBUF_INST/O
                         net (fo=1, unplaced)         0.000     0.168    clk_IBUF_inst/OUT
                         IBUFCTRL (Prop_IBUFCTRL_I_O)
                                                      0.000     0.168 r  clk_IBUF_inst/IBUFCTRL_INST/O
                         net (fo=1, unplaced)         0.116     0.284    clk_IBUF
                         BUFGCE (Prop_BUFGCE_I_O)     0.017     0.301 r  clk_IBUF_BUFG_inst/O
                         net (fo=5391, unplaced)      1.114     1.415    clk_IBUF_BUFG
                         FDCE                                         r  pipeline_stage[14].state_reg_reg[14][103]/C
  -------------------------------------------------------------------    -------------------
                         FDCE (Prop_FDCE_C_Q)         0.038     1.453 r  pipeline_stage[14].state_reg_reg[14][103]/Q
                         net (fo=1, unplaced)         0.421     1.874    ciphertext_OBUF[103]
                         OBUF (Prop_OBUF_I_O)         0.402     2.276 r  ciphertext_OBUF[103]_inst/O
                         net (fo=0)                   0.000     2.276    ciphertext[103]
                                                                      r  ciphertext[103] (OUT)
  -------------------------------------------------------------------    -------------------

Slack:                    inf
  Source:                 pipeline_stage[14].state_reg_reg[14][104]/C
                            (rising edge-triggered cell FDCE clocked by clk  {rise@0.000ns fall@10.000ns period=20.000ns})
  Destination:            ciphertext[104]
                            (output port)
  Path Group:             (none)
  Path Type:              Min at Fast Process Corner
  Data Path Delay:        0.861ns  (logic 0.440ns (51.110%)  route 0.421ns (48.890%))
  Logic Levels:           1  (OBUF=1)
  Clock Uncertainty:      0.025ns  ((TSJ^2 + TIJ^2)^1/2 + DJ) / 2 + PE
    Total System Jitter     (TSJ):    0.050ns
    Total Input Jitter      (TIJ):    0.000ns
    Discrete Jitter          (DJ):    0.000ns
    Phase Error              (PE):    0.000ns

    Location             Delay type                Incr(ns)  Path(ns)    Netlist Resource(s)
  -------------------------------------------------------------------    -------------------
                         (clock clk rise edge)        0.000     0.000 r  
                                                      0.000     0.000 r  clk (IN)
                         net (fo=0)                   0.000     0.000    clk_IBUF_inst/I
                         INBUF (Prop_INBUF_PAD_O)     0.168     0.168 r  clk_IBUF_inst/INBUF_INST/O
                         net (fo=1, unplaced)         0.000     0.168    clk_IBUF_inst/OUT
                         IBUFCTRL (Prop_IBUFCTRL_I_O)
                                                      0.000     0.168 r  clk_IBUF_inst/IBUFCTRL_INST/O
                         net (fo=1, unplaced)         0.116     0.284    clk_IBUF
                         BUFGCE (Prop_BUFGCE_I_O)     0.017     0.301 r  clk_IBUF_BUFG_inst/O
                         net (fo=5391, unplaced)      1.114     1.415    clk_IBUF_BUFG
                         FDCE                                         r  pipeline_stage[14].state_reg_reg[14][104]/C
  -------------------------------------------------------------------    -------------------
                         FDCE (Prop_FDCE_C_Q)         0.038     1.453 r  pipeline_stage[14].state_reg_reg[14][104]/Q
                         net (fo=1, unplaced)         0.421     1.874    ciphertext_OBUF[104]
                         OBUF (Prop_OBUF_I_O)         0.402     2.276 r  ciphertext_OBUF[104]_inst/O
                         net (fo=0)                   0.000     2.276    ciphertext[104]
                                                                      r  ciphertext[104] (OUT)
  -------------------------------------------------------------------    -------------------

Slack:                    inf
  Source:                 pipeline_stage[14].state_reg_reg[14][105]/C
                            (rising edge-triggered cell FDCE clocked by clk  {rise@0.000ns fall@10.000ns period=20.000ns})
  Destination:            ciphertext[105]
                            (output port)
  Path Group:             (none)
  Path Type:              Min at Fast Process Corner
  Data Path Delay:        0.861ns  (logic 0.440ns (51.110%)  route 0.421ns (48.890%))
  Logic Levels:           1  (OBUF=1)
  Clock Uncertainty:      0.025ns  ((TSJ^2 + TIJ^2)^1/2 + DJ) / 2 + PE
    Total System Jitter     (TSJ):    0.050ns
    Total Input Jitter      (TIJ):    0.000ns
    Discrete Jitter          (DJ):    0.000ns
    Phase Error              (PE):    0.000ns

    Location             Delay type                Incr(ns)  Path(ns)    Netlist Resource(s)
  -------------------------------------------------------------------    -------------------
                         (clock clk rise edge)        0.000     0.000 r  
                                                      0.000     0.000 r  clk (IN)
                         net (fo=0)                   0.000     0.000    clk_IBUF_inst/I
                         INBUF (Prop_INBUF_PAD_O)     0.168     0.168 r  clk_IBUF_inst/INBUF_INST/O
                         net (fo=1, unplaced)         0.000     0.168    clk_IBUF_inst/OUT
                         IBUFCTRL (Prop_IBUFCTRL_I_O)
                                                      0.000     0.168 r  clk_IBUF_inst/IBUFCTRL_INST/O
                         net (fo=1, unplaced)         0.116     0.284    clk_IBUF
                         BUFGCE (Prop_BUFGCE_I_O)     0.017     0.301 r  clk_IBUF_BUFG_inst/O
                         net (fo=5391, unplaced)      1.114     1.415    clk_IBUF_BUFG
                         FDCE                                         r  pipeline_stage[14].state_reg_reg[14][105]/C
  -------------------------------------------------------------------    -------------------
                         FDCE (Prop_FDCE_C_Q)         0.038     1.453 r  pipeline_stage[14].state_reg_reg[14][105]/Q
                         net (fo=1, unplaced)         0.421     1.874    ciphertext_OBUF[105]
                         OBUF (Prop_OBUF_I_O)         0.402     2.276 r  ciphertext_OBUF[105]_inst/O
                         net (fo=0)                   0.000     2.276    ciphertext[105]
                                                                      r  ciphertext[105] (OUT)
  -------------------------------------------------------------------    -------------------

Slack:                    inf
  Source:                 pipeline_stage[14].state_reg_reg[14][106]/C
                            (rising edge-triggered cell FDCE clocked by clk  {rise@0.000ns fall@10.000ns period=20.000ns})
  Destination:            ciphertext[106]
                            (output port)
  Path Group:             (none)
  Path Type:              Min at Fast Process Corner
  Data Path Delay:        0.861ns  (logic 0.440ns (51.110%)  route 0.421ns (48.890%))
  Logic Levels:           1  (OBUF=1)
  Clock Uncertainty:      0.025ns  ((TSJ^2 + TIJ^2)^1/2 + DJ) / 2 + PE
    Total System Jitter     (TSJ):    0.050ns
    Total Input Jitter      (TIJ):    0.000ns
    Discrete Jitter          (DJ):    0.000ns
    Phase Error              (PE):    0.000ns

    Location             Delay type                Incr(ns)  Path(ns)    Netlist Resource(s)
  -------------------------------------------------------------------    -------------------
                         (clock clk rise edge)        0.000     0.000 r  
                                                      0.000     0.000 r  clk (IN)
                         net (fo=0)                   0.000     0.000    clk_IBUF_inst/I
                         INBUF (Prop_INBUF_PAD_O)     0.168     0.168 r  clk_IBUF_inst/INBUF_INST/O
                         net (fo=1, unplaced)         0.000     0.168    clk_IBUF_inst/OUT
                         IBUFCTRL (Prop_IBUFCTRL_I_O)
                                                      0.000     0.168 r  clk_IBUF_inst/IBUFCTRL_INST/O
                         net (fo=1, unplaced)         0.116     0.284    clk_IBUF
                         BUFGCE (Prop_BUFGCE_I_O)     0.017     0.301 r  clk_IBUF_BUFG_inst/O
                         net (fo=5391, unplaced)      1.114     1.415    clk_IBUF_BUFG
                         FDCE                                         r  pipeline_stage[14].state_reg_reg[14][106]/C
  -------------------------------------------------------------------    -------------------
                         FDCE (Prop_FDCE_C_Q)         0.038     1.453 r  pipeline_stage[14].state_reg_reg[14][106]/Q
                         net (fo=1, unplaced)         0.421     1.874    ciphertext_OBUF[106]
                         OBUF (Prop_OBUF_I_O)         0.402     2.276 r  ciphertext_OBUF[106]_inst/O
                         net (fo=0)                   0.000     2.276    ciphertext[106]
                                                                      r  ciphertext[106] (OUT)
  -------------------------------------------------------------------    -------------------

Slack:                    inf
  Source:                 pipeline_stage[14].state_reg_reg[14][107]/C
                            (rising edge-triggered cell FDCE clocked by clk  {rise@0.000ns fall@10.000ns period=20.000ns})
  Destination:            ciphertext[107]
                            (output port)
  Path Group:             (none)
  Path Type:              Min at Fast Process Corner
  Data Path Delay:        0.861ns  (logic 0.440ns (51.110%)  route 0.421ns (48.890%))
  Logic Levels:           1  (OBUF=1)
  Clock Uncertainty:      0.025ns  ((TSJ^2 + TIJ^2)^1/2 + DJ) / 2 + PE
    Total System Jitter     (TSJ):    0.050ns
    Total Input Jitter      (TIJ):    0.000ns
    Discrete Jitter          (DJ):    0.000ns
    Phase Error              (PE):    0.000ns

    Location             Delay type                Incr(ns)  Path(ns)    Netlist Resource(s)
  -------------------------------------------------------------------    -------------------
                         (clock clk rise edge)        0.000     0.000 r  
                                                      0.000     0.000 r  clk (IN)
                         net (fo=0)                   0.000     0.000    clk_IBUF_inst/I
                         INBUF (Prop_INBUF_PAD_O)     0.168     0.168 r  clk_IBUF_inst/INBUF_INST/O
                         net (fo=1, unplaced)         0.000     0.168    clk_IBUF_inst/OUT
                         IBUFCTRL (Prop_IBUFCTRL_I_O)
                                                      0.000     0.168 r  clk_IBUF_inst/IBUFCTRL_INST/O
                         net (fo=1, unplaced)         0.116     0.284    clk_IBUF
                         BUFGCE (Prop_BUFGCE_I_O)     0.017     0.301 r  clk_IBUF_BUFG_inst/O
                         net (fo=5391, unplaced)      1.114     1.415    clk_IBUF_BUFG
                         FDCE                                         r  pipeline_stage[14].state_reg_reg[14][107]/C
  -------------------------------------------------------------------    -------------------
                         FDCE (Prop_FDCE_C_Q)         0.038     1.453 r  pipeline_stage[14].state_reg_reg[14][107]/Q
                         net (fo=1, unplaced)         0.421     1.874    ciphertext_OBUF[107]
                         OBUF (Prop_OBUF_I_O)         0.402     2.276 r  ciphertext_OBUF[107]_inst/O
                         net (fo=0)                   0.000     2.276    ciphertext[107]
                                                                      r  ciphertext[107] (OUT)
  -------------------------------------------------------------------    -------------------

Slack:                    inf
  Source:                 pipeline_stage[14].state_reg_reg[14][108]/C
                            (rising edge-triggered cell FDCE clocked by clk  {rise@0.000ns fall@10.000ns period=20.000ns})
  Destination:            ciphertext[108]
                            (output port)
  Path Group:             (none)
  Path Type:              Min at Fast Process Corner
  Data Path Delay:        0.861ns  (logic 0.440ns (51.110%)  route 0.421ns (48.890%))
  Logic Levels:           1  (OBUF=1)
  Clock Uncertainty:      0.025ns  ((TSJ^2 + TIJ^2)^1/2 + DJ) / 2 + PE
    Total System Jitter     (TSJ):    0.050ns
    Total Input Jitter      (TIJ):    0.000ns
    Discrete Jitter          (DJ):    0.000ns
    Phase Error              (PE):    0.000ns

    Location             Delay type                Incr(ns)  Path(ns)    Netlist Resource(s)
  -------------------------------------------------------------------    -------------------
                         (clock clk rise edge)        0.000     0.000 r  
                                                      0.000     0.000 r  clk (IN)
                         net (fo=0)                   0.000     0.000    clk_IBUF_inst/I
                         INBUF (Prop_INBUF_PAD_O)     0.168     0.168 r  clk_IBUF_inst/INBUF_INST/O
                         net (fo=1, unplaced)         0.000     0.168    clk_IBUF_inst/OUT
                         IBUFCTRL (Prop_IBUFCTRL_I_O)
                                                      0.000     0.168 r  clk_IBUF_inst/IBUFCTRL_INST/O
                         net (fo=1, unplaced)         0.116     0.284    clk_IBUF
                         BUFGCE (Prop_BUFGCE_I_O)     0.017     0.301 r  clk_IBUF_BUFG_inst/O
                         net (fo=5391, unplaced)      1.114     1.415    clk_IBUF_BUFG
                         FDCE                                         r  pipeline_stage[14].state_reg_reg[14][108]/C
  -------------------------------------------------------------------    -------------------
                         FDCE (Prop_FDCE_C_Q)         0.038     1.453 r  pipeline_stage[14].state_reg_reg[14][108]/Q
                         net (fo=1, unplaced)         0.421     1.874    ciphertext_OBUF[108]
                         OBUF (Prop_OBUF_I_O)         0.402     2.276 r  ciphertext_OBUF[108]_inst/O
                         net (fo=0)                   0.000     2.276    ciphertext[108]
                                                                      r  ciphertext[108] (OUT)
  -------------------------------------------------------------------    -------------------

Slack:                    inf
  Source:                 pipeline_stage[14].state_reg_reg[14][109]/C
                            (rising edge-triggered cell FDCE clocked by clk  {rise@0.000ns fall@10.000ns period=20.000ns})
  Destination:            ciphertext[109]
                            (output port)
  Path Group:             (none)
  Path Type:              Min at Fast Process Corner
  Data Path Delay:        0.861ns  (logic 0.440ns (51.110%)  route 0.421ns (48.890%))
  Logic Levels:           1  (OBUF=1)
  Clock Uncertainty:      0.025ns  ((TSJ^2 + TIJ^2)^1/2 + DJ) / 2 + PE
    Total System Jitter     (TSJ):    0.050ns
    Total Input Jitter      (TIJ):    0.000ns
    Discrete Jitter          (DJ):    0.000ns
    Phase Error              (PE):    0.000ns

    Location             Delay type                Incr(ns)  Path(ns)    Netlist Resource(s)
  -------------------------------------------------------------------    -------------------
                         (clock clk rise edge)        0.000     0.000 r  
                                                      0.000     0.000 r  clk (IN)
                         net (fo=0)                   0.000     0.000    clk_IBUF_inst/I
                         INBUF (Prop_INBUF_PAD_O)     0.168     0.168 r  clk_IBUF_inst/INBUF_INST/O
                         net (fo=1, unplaced)         0.000     0.168    clk_IBUF_inst/OUT
                         IBUFCTRL (Prop_IBUFCTRL_I_O)
                                                      0.000     0.168 r  clk_IBUF_inst/IBUFCTRL_INST/O
                         net (fo=1, unplaced)         0.116     0.284    clk_IBUF
                         BUFGCE (Prop_BUFGCE_I_O)     0.017     0.301 r  clk_IBUF_BUFG_inst/O
                         net (fo=5391, unplaced)      1.114     1.415    clk_IBUF_BUFG
                         FDCE                                         r  pipeline_stage[14].state_reg_reg[14][109]/C
  -------------------------------------------------------------------    -------------------
                         FDCE (Prop_FDCE_C_Q)         0.038     1.453 r  pipeline_stage[14].state_reg_reg[14][109]/Q
                         net (fo=1, unplaced)         0.421     1.874    ciphertext_OBUF[109]
                         OBUF (Prop_OBUF_I_O)         0.402     2.276 r  ciphertext_OBUF[109]_inst/O
                         net (fo=0)                   0.000     2.276    ciphertext[109]
                                                                      r  ciphertext[109] (OUT)
  -------------------------------------------------------------------    -------------------

Slack:                    inf
  Source:                 pipeline_stage[14].state_reg_reg[14][10]/C
                            (rising edge-triggered cell FDCE clocked by clk  {rise@0.000ns fall@10.000ns period=20.000ns})
  Destination:            ciphertext[10]
                            (output port)
  Path Group:             (none)
  Path Type:              Min at Fast Process Corner
  Data Path Delay:        0.861ns  (logic 0.440ns (51.110%)  route 0.421ns (48.890%))
  Logic Levels:           1  (OBUF=1)
  Clock Uncertainty:      0.025ns  ((TSJ^2 + TIJ^2)^1/2 + DJ) / 2 + PE
    Total System Jitter     (TSJ):    0.050ns
    Total Input Jitter      (TIJ):    0.000ns
    Discrete Jitter          (DJ):    0.000ns
    Phase Error              (PE):    0.000ns

    Location             Delay type                Incr(ns)  Path(ns)    Netlist Resource(s)
  -------------------------------------------------------------------    -------------------
                         (clock clk rise edge)        0.000     0.000 r  
                                                      0.000     0.000 r  clk (IN)
                         net (fo=0)                   0.000     0.000    clk_IBUF_inst/I
                         INBUF (Prop_INBUF_PAD_O)     0.168     0.168 r  clk_IBUF_inst/INBUF_INST/O
                         net (fo=1, unplaced)         0.000     0.168    clk_IBUF_inst/OUT
                         IBUFCTRL (Prop_IBUFCTRL_I_O)
                                                      0.000     0.168 r  clk_IBUF_inst/IBUFCTRL_INST/O
                         net (fo=1, unplaced)         0.116     0.284    clk_IBUF
                         BUFGCE (Prop_BUFGCE_I_O)     0.017     0.301 r  clk_IBUF_BUFG_inst/O
                         net (fo=5391, unplaced)      1.114     1.415    clk_IBUF_BUFG
                         FDCE                                         r  pipeline_stage[14].state_reg_reg[14][10]/C
  -------------------------------------------------------------------    -------------------
                         FDCE (Prop_FDCE_C_Q)         0.038     1.453 r  pipeline_stage[14].state_reg_reg[14][10]/Q
                         net (fo=1, unplaced)         0.421     1.874    ciphertext_OBUF[10]
                         OBUF (Prop_OBUF_I_O)         0.402     2.276 r  ciphertext_OBUF[10]_inst/O
                         net (fo=0)                   0.000     2.276    ciphertext[10]
                                                                      r  ciphertext[10] (OUT)
  -------------------------------------------------------------------    -------------------

Slack:                    inf
  Source:                 pipeline_stage[14].state_reg_reg[14][110]/C
                            (rising edge-triggered cell FDCE clocked by clk  {rise@0.000ns fall@10.000ns period=20.000ns})
  Destination:            ciphertext[110]
                            (output port)
  Path Group:             (none)
  Path Type:              Min at Fast Process Corner
  Data Path Delay:        0.861ns  (logic 0.440ns (51.110%)  route 0.421ns (48.890%))
  Logic Levels:           1  (OBUF=1)
  Clock Uncertainty:      0.025ns  ((TSJ^2 + TIJ^2)^1/2 + DJ) / 2 + PE
    Total System Jitter     (TSJ):    0.050ns
    Total Input Jitter      (TIJ):    0.000ns
    Discrete Jitter          (DJ):    0.000ns
    Phase Error              (PE):    0.000ns

    Location             Delay type                Incr(ns)  Path(ns)    Netlist Resource(s)
  -------------------------------------------------------------------    -------------------
                         (clock clk rise edge)        0.000     0.000 r  
                                                      0.000     0.000 r  clk (IN)
                         net (fo=0)                   0.000     0.000    clk_IBUF_inst/I
                         INBUF (Prop_INBUF_PAD_O)     0.168     0.168 r  clk_IBUF_inst/INBUF_INST/O
                         net (fo=1, unplaced)         0.000     0.168    clk_IBUF_inst/OUT
                         IBUFCTRL (Prop_IBUFCTRL_I_O)
                                                      0.000     0.168 r  clk_IBUF_inst/IBUFCTRL_INST/O
                         net (fo=1, unplaced)         0.116     0.284    clk_IBUF
                         BUFGCE (Prop_BUFGCE_I_O)     0.017     0.301 r  clk_IBUF_BUFG_inst/O
                         net (fo=5391, unplaced)      1.114     1.415    clk_IBUF_BUFG
                         FDCE                                         r  pipeline_stage[14].state_reg_reg[14][110]/C
  -------------------------------------------------------------------    -------------------
                         FDCE (Prop_FDCE_C_Q)         0.038     1.453 r  pipeline_stage[14].state_reg_reg[14][110]/Q
                         net (fo=1, unplaced)         0.421     1.874    ciphertext_OBUF[110]
                         OBUF (Prop_OBUF_I_O)         0.402     2.276 r  ciphertext_OBUF[110]_inst/O
                         net (fo=0)                   0.000     2.276    ciphertext[110]
                                                                      r  ciphertext[110] (OUT)
  -------------------------------------------------------------------    -------------------

Slack:                    inf
  Source:                 pipeline_stage[14].state_reg_reg[14][111]/C
                            (rising edge-triggered cell FDCE clocked by clk  {rise@0.000ns fall@10.000ns period=20.000ns})
  Destination:            ciphertext[111]
                            (output port)
  Path Group:             (none)
  Path Type:              Min at Fast Process Corner
  Data Path Delay:        0.861ns  (logic 0.440ns (51.110%)  route 0.421ns (48.890%))
  Logic Levels:           1  (OBUF=1)
  Clock Uncertainty:      0.025ns  ((TSJ^2 + TIJ^2)^1/2 + DJ) / 2 + PE
    Total System Jitter     (TSJ):    0.050ns
    Total Input Jitter      (TIJ):    0.000ns
    Discrete Jitter          (DJ):    0.000ns
    Phase Error              (PE):    0.000ns

    Location             Delay type                Incr(ns)  Path(ns)    Netlist Resource(s)
  -------------------------------------------------------------------    -------------------
                         (clock clk rise edge)        0.000     0.000 r  
                                                      0.000     0.000 r  clk (IN)
                         net (fo=0)                   0.000     0.000    clk_IBUF_inst/I
                         INBUF (Prop_INBUF_PAD_O)     0.168     0.168 r  clk_IBUF_inst/INBUF_INST/O
                         net (fo=1, unplaced)         0.000     0.168    clk_IBUF_inst/OUT
                         IBUFCTRL (Prop_IBUFCTRL_I_O)
                                                      0.000     0.168 r  clk_IBUF_inst/IBUFCTRL_INST/O
                         net (fo=1, unplaced)         0.116     0.284    clk_IBUF
                         BUFGCE (Prop_BUFGCE_I_O)     0.017     0.301 r  clk_IBUF_BUFG_inst/O
                         net (fo=5391, unplaced)      1.114     1.415    clk_IBUF_BUFG
                         FDCE                                         r  pipeline_stage[14].state_reg_reg[14][111]/C
  -------------------------------------------------------------------    -------------------
                         FDCE (Prop_FDCE_C_Q)         0.038     1.453 r  pipeline_stage[14].state_reg_reg[14][111]/Q
                         net (fo=1, unplaced)         0.421     1.874    ciphertext_OBUF[111]
                         OBUF (Prop_OBUF_I_O)         0.402     2.276 r  ciphertext_OBUF[111]_inst/O
                         net (fo=0)                   0.000     2.276    ciphertext[111]
                                                                      r  ciphertext[111] (OUT)
  -------------------------------------------------------------------    -------------------

Slack:                    inf
  Source:                 pipeline_stage[14].state_reg_reg[14][112]/C
                            (rising edge-triggered cell FDCE clocked by clk  {rise@0.000ns fall@10.000ns period=20.000ns})
  Destination:            ciphertext[112]
                            (output port)
  Path Group:             (none)
  Path Type:              Min at Fast Process Corner
  Data Path Delay:        0.861ns  (logic 0.440ns (51.110%)  route 0.421ns (48.890%))
  Logic Levels:           1  (OBUF=1)
  Clock Uncertainty:      0.025ns  ((TSJ^2 + TIJ^2)^1/2 + DJ) / 2 + PE
    Total System Jitter     (TSJ):    0.050ns
    Total Input Jitter      (TIJ):    0.000ns
    Discrete Jitter          (DJ):    0.000ns
    Phase Error              (PE):    0.000ns

    Location             Delay type                Incr(ns)  Path(ns)    Netlist Resource(s)
  -------------------------------------------------------------------    -------------------
                         (clock clk rise edge)        0.000     0.000 r  
                                                      0.000     0.000 r  clk (IN)
                         net (fo=0)                   0.000     0.000    clk_IBUF_inst/I
                         INBUF (Prop_INBUF_PAD_O)     0.168     0.168 r  clk_IBUF_inst/INBUF_INST/O
                         net (fo=1, unplaced)         0.000     0.168    clk_IBUF_inst/OUT
                         IBUFCTRL (Prop_IBUFCTRL_I_O)
                                                      0.000     0.168 r  clk_IBUF_inst/IBUFCTRL_INST/O
                         net (fo=1, unplaced)         0.116     0.284    clk_IBUF
                         BUFGCE (Prop_BUFGCE_I_O)     0.017     0.301 r  clk_IBUF_BUFG_inst/O
                         net (fo=5391, unplaced)      1.114     1.415    clk_IBUF_BUFG
                         FDCE                                         r  pipeline_stage[14].state_reg_reg[14][112]/C
  -------------------------------------------------------------------    -------------------
                         FDCE (Prop_FDCE_C_Q)         0.038     1.453 r  pipeline_stage[14].state_reg_reg[14][112]/Q
                         net (fo=1, unplaced)         0.421     1.874    ciphertext_OBUF[112]
                         OBUF (Prop_OBUF_I_O)         0.402     2.276 r  ciphertext_OBUF[112]_inst/O
                         net (fo=0)                   0.000     2.276    ciphertext[112]
                                                                      r  ciphertext[112] (OUT)
  -------------------------------------------------------------------    -------------------

Slack:                    inf
  Source:                 pipeline_stage[14].state_reg_reg[14][113]/C
                            (rising edge-triggered cell FDCE clocked by clk  {rise@0.000ns fall@10.000ns period=20.000ns})
  Destination:            ciphertext[113]
                            (output port)
  Path Group:             (none)
  Path Type:              Min at Fast Process Corner
  Data Path Delay:        0.861ns  (logic 0.440ns (51.110%)  route 0.421ns (48.890%))
  Logic Levels:           1  (OBUF=1)
  Clock Uncertainty:      0.025ns  ((TSJ^2 + TIJ^2)^1/2 + DJ) / 2 + PE
    Total System Jitter     (TSJ):    0.050ns
    Total Input Jitter      (TIJ):    0.000ns
    Discrete Jitter          (DJ):    0.000ns
    Phase Error              (PE):    0.000ns

    Location             Delay type                Incr(ns)  Path(ns)    Netlist Resource(s)
  -------------------------------------------------------------------    -------------------
                         (clock clk rise edge)        0.000     0.000 r  
                                                      0.000     0.000 r  clk (IN)
                         net (fo=0)                   0.000     0.000    clk_IBUF_inst/I
                         INBUF (Prop_INBUF_PAD_O)     0.168     0.168 r  clk_IBUF_inst/INBUF_INST/O
                         net (fo=1, unplaced)         0.000     0.168    clk_IBUF_inst/OUT
                         IBUFCTRL (Prop_IBUFCTRL_I_O)
                                                      0.000     0.168 r  clk_IBUF_inst/IBUFCTRL_INST/O
                         net (fo=1, unplaced)         0.116     0.284    clk_IBUF
                         BUFGCE (Prop_BUFGCE_I_O)     0.017     0.301 r  clk_IBUF_BUFG_inst/O
                         net (fo=5391, unplaced)      1.114     1.415    clk_IBUF_BUFG
                         FDCE                                         r  pipeline_stage[14].state_reg_reg[14][113]/C
  -------------------------------------------------------------------    -------------------
                         FDCE (Prop_FDCE_C_Q)         0.038     1.453 r  pipeline_stage[14].state_reg_reg[14][113]/Q
                         net (fo=1, unplaced)         0.421     1.874    ciphertext_OBUF[113]
                         OBUF (Prop_OBUF_I_O)         0.402     2.276 r  ciphertext_OBUF[113]_inst/O
                         net (fo=0)                   0.000     2.276    ciphertext[113]
                                                                      r  ciphertext[113] (OUT)
  -------------------------------------------------------------------    -------------------

Slack:                    inf
  Source:                 pipeline_stage[14].state_reg_reg[14][114]/C
                            (rising edge-triggered cell FDCE clocked by clk  {rise@0.000ns fall@10.000ns period=20.000ns})
  Destination:            ciphertext[114]
                            (output port)
  Path Group:             (none)
  Path Type:              Min at Fast Process Corner
  Data Path Delay:        0.861ns  (logic 0.440ns (51.110%)  route 0.421ns (48.890%))
  Logic Levels:           1  (OBUF=1)
  Clock Uncertainty:      0.025ns  ((TSJ^2 + TIJ^2)^1/2 + DJ) / 2 + PE
    Total System Jitter     (TSJ):    0.050ns
    Total Input Jitter      (TIJ):    0.000ns
    Discrete Jitter          (DJ):    0.000ns
    Phase Error              (PE):    0.000ns

    Location             Delay type                Incr(ns)  Path(ns)    Netlist Resource(s)
  -------------------------------------------------------------------    -------------------
                         (clock clk rise edge)        0.000     0.000 r  
                                                      0.000     0.000 r  clk (IN)
                         net (fo=0)                   0.000     0.000    clk_IBUF_inst/I
                         INBUF (Prop_INBUF_PAD_O)     0.168     0.168 r  clk_IBUF_inst/INBUF_INST/O
                         net (fo=1, unplaced)         0.000     0.168    clk_IBUF_inst/OUT
                         IBUFCTRL (Prop_IBUFCTRL_I_O)
                                                      0.000     0.168 r  clk_IBUF_inst/IBUFCTRL_INST/O
                         net (fo=1, unplaced)         0.116     0.284    clk_IBUF
                         BUFGCE (Prop_BUFGCE_I_O)     0.017     0.301 r  clk_IBUF_BUFG_inst/O
                         net (fo=5391, unplaced)      1.114     1.415    clk_IBUF_BUFG
                         FDCE                                         r  pipeline_stage[14].state_reg_reg[14][114]/C
  -------------------------------------------------------------------    -------------------
                         FDCE (Prop_FDCE_C_Q)         0.038     1.453 r  pipeline_stage[14].state_reg_reg[14][114]/Q
                         net (fo=1, unplaced)         0.421     1.874    ciphertext_OBUF[114]
                         OBUF (Prop_OBUF_I_O)         0.402     2.276 r  ciphertext_OBUF[114]_inst/O
                         net (fo=0)                   0.000     2.276    ciphertext[114]
                                                                      r  ciphertext[114] (OUT)
  -------------------------------------------------------------------    -------------------

Slack:                    inf
  Source:                 pipeline_stage[14].state_reg_reg[14][115]/C
                            (rising edge-triggered cell FDCE clocked by clk  {rise@0.000ns fall@10.000ns period=20.000ns})
  Destination:            ciphertext[115]
                            (output port)
  Path Group:             (none)
  Path Type:              Min at Fast Process Corner
  Data Path Delay:        0.861ns  (logic 0.440ns (51.110%)  route 0.421ns (48.890%))
  Logic Levels:           1  (OBUF=1)
  Clock Uncertainty:      0.025ns  ((TSJ^2 + TIJ^2)^1/2 + DJ) / 2 + PE
    Total System Jitter     (TSJ):    0.050ns
    Total Input Jitter      (TIJ):    0.000ns
    Discrete Jitter          (DJ):    0.000ns
    Phase Error              (PE):    0.000ns

    Location             Delay type                Incr(ns)  Path(ns)    Netlist Resource(s)
  -------------------------------------------------------------------    -------------------
                         (clock clk rise edge)        0.000     0.000 r  
                                                      0.000     0.000 r  clk (IN)
                         net (fo=0)                   0.000     0.000    clk_IBUF_inst/I
                         INBUF (Prop_INBUF_PAD_O)     0.168     0.168 r  clk_IBUF_inst/INBUF_INST/O
                         net (fo=1, unplaced)         0.000     0.168    clk_IBUF_inst/OUT
                         IBUFCTRL (Prop_IBUFCTRL_I_O)
                                                      0.000     0.168 r  clk_IBUF_inst/IBUFCTRL_INST/O
                         net (fo=1, unplaced)         0.116     0.284    clk_IBUF
                         BUFGCE (Prop_BUFGCE_I_O)     0.017     0.301 r  clk_IBUF_BUFG_inst/O
                         net (fo=5391, unplaced)      1.114     1.415    clk_IBUF_BUFG
                         FDCE                                         r  pipeline_stage[14].state_reg_reg[14][115]/C
  -------------------------------------------------------------------    -------------------
                         FDCE (Prop_FDCE_C_Q)         0.038     1.453 r  pipeline_stage[14].state_reg_reg[14][115]/Q
                         net (fo=1, unplaced)         0.421     1.874    ciphertext_OBUF[115]
                         OBUF (Prop_OBUF_I_O)         0.402     2.276 r  ciphertext_OBUF[115]_inst/O
                         net (fo=0)                   0.000     2.276    ciphertext[115]
                                                                      r  ciphertext[115] (OUT)
  -------------------------------------------------------------------    -------------------

Slack:                    inf
  Source:                 pipeline_stage[14].state_reg_reg[14][116]/C
                            (rising edge-triggered cell FDCE clocked by clk  {rise@0.000ns fall@10.000ns period=20.000ns})
  Destination:            ciphertext[116]
                            (output port)
  Path Group:             (none)
  Path Type:              Min at Fast Process Corner
  Data Path Delay:        0.861ns  (logic 0.440ns (51.110%)  route 0.421ns (48.890%))
  Logic Levels:           1  (OBUF=1)
  Clock Uncertainty:      0.025ns  ((TSJ^2 + TIJ^2)^1/2 + DJ) / 2 + PE
    Total System Jitter     (TSJ):    0.050ns
    Total Input Jitter      (TIJ):    0.000ns
    Discrete Jitter          (DJ):    0.000ns
    Phase Error              (PE):    0.000ns

    Location             Delay type                Incr(ns)  Path(ns)    Netlist Resource(s)
  -------------------------------------------------------------------    -------------------
                         (clock clk rise edge)        0.000     0.000 r  
                                                      0.000     0.000 r  clk (IN)
                         net (fo=0)                   0.000     0.000    clk_IBUF_inst/I
                         INBUF (Prop_INBUF_PAD_O)     0.168     0.168 r  clk_IBUF_inst/INBUF_INST/O
                         net (fo=1, unplaced)         0.000     0.168    clk_IBUF_inst/OUT
                         IBUFCTRL (Prop_IBUFCTRL_I_O)
                                                      0.000     0.168 r  clk_IBUF_inst/IBUFCTRL_INST/O
                         net (fo=1, unplaced)         0.116     0.284    clk_IBUF
                         BUFGCE (Prop_BUFGCE_I_O)     0.017     0.301 r  clk_IBUF_BUFG_inst/O
                         net (fo=5391, unplaced)      1.114     1.415    clk_IBUF_BUFG
                         FDCE                                         r  pipeline_stage[14].state_reg_reg[14][116]/C
  -------------------------------------------------------------------    -------------------
                         FDCE (Prop_FDCE_C_Q)         0.038     1.453 r  pipeline_stage[14].state_reg_reg[14][116]/Q
                         net (fo=1, unplaced)         0.421     1.874    ciphertext_OBUF[116]
                         OBUF (Prop_OBUF_I_O)         0.402     2.276 r  ciphertext_OBUF[116]_inst/O
                         net (fo=0)                   0.000     2.276    ciphertext[116]
                                                                      r  ciphertext[116] (OUT)
  -------------------------------------------------------------------    -------------------

Slack:                    inf
  Source:                 pipeline_stage[14].state_reg_reg[14][117]/C
                            (rising edge-triggered cell FDCE clocked by clk  {rise@0.000ns fall@10.000ns period=20.000ns})
  Destination:            ciphertext[117]
                            (output port)
  Path Group:             (none)
  Path Type:              Min at Fast Process Corner
  Data Path Delay:        0.861ns  (logic 0.440ns (51.110%)  route 0.421ns (48.890%))
  Logic Levels:           1  (OBUF=1)
  Clock Uncertainty:      0.025ns  ((TSJ^2 + TIJ^2)^1/2 + DJ) / 2 + PE
    Total System Jitter     (TSJ):    0.050ns
    Total Input Jitter      (TIJ):    0.000ns
    Discrete Jitter          (DJ):    0.000ns
    Phase Error              (PE):    0.000ns

    Location             Delay type                Incr(ns)  Path(ns)    Netlist Resource(s)
  -------------------------------------------------------------------    -------------------
                         (clock clk rise edge)        0.000     0.000 r  
                                                      0.000     0.000 r  clk (IN)
                         net (fo=0)                   0.000     0.000    clk_IBUF_inst/I
                         INBUF (Prop_INBUF_PAD_O)     0.168     0.168 r  clk_IBUF_inst/INBUF_INST/O
                         net (fo=1, unplaced)         0.000     0.168    clk_IBUF_inst/OUT
                         IBUFCTRL (Prop_IBUFCTRL_I_O)
                                                      0.000     0.168 r  clk_IBUF_inst/IBUFCTRL_INST/O
                         net (fo=1, unplaced)         0.116     0.284    clk_IBUF
                         BUFGCE (Prop_BUFGCE_I_O)     0.017     0.301 r  clk_IBUF_BUFG_inst/O
                         net (fo=5391, unplaced)      1.114     1.415    clk_IBUF_BUFG
                         FDCE                                         r  pipeline_stage[14].state_reg_reg[14][117]/C
  -------------------------------------------------------------------    -------------------
                         FDCE (Prop_FDCE_C_Q)         0.038     1.453 r  pipeline_stage[14].state_reg_reg[14][117]/Q
                         net (fo=1, unplaced)         0.421     1.874    ciphertext_OBUF[117]
                         OBUF (Prop_OBUF_I_O)         0.402     2.276 r  ciphertext_OBUF[117]_inst/O
                         net (fo=0)                   0.000     2.276    ciphertext[117]
                                                                      r  ciphertext[117] (OUT)
  -------------------------------------------------------------------    -------------------





--------------------------------------------------------------------------------------
Path Group:  (none)
From Clock:  
  To Clock:  clk

Max Delay          5776 Endpoints
Min Delay          5776 Endpoints
--------------------------------------------------------------------------------------


Max Delay Paths
--------------------------------------------------------------------------------------
Slack:                    inf
  Source:                 rst_n
                            (input port)
  Destination:            curr_key_reg_reg[0][0]/CLR
                            (recovery check against rising-edge clock clk  {rise@0.000ns fall@10.000ns period=20.000ns})
  Path Group:             (none)
  Path Type:              Recovery (Max at Slow Process Corner)
  Data Path Delay:        1.869ns  (logic 0.571ns (30.561%)  route 1.298ns (69.439%))
  Logic Levels:           3  (IBUFCTRL=1 INBUF=1 LUT1=1)
  Clock Path Skew:        2.993ns (DCD - SCD + CPR)
    Destination Clock Delay (DCD):    2.993ns
    Source Clock Delay      (SCD):    0.000ns
    Clock Pessimism Removal (CPR):    0.000ns
  Clock Uncertainty:      0.025ns  ((TSJ^2 + TIJ^2)^1/2 + DJ) / 2 + PE
    Total System Jitter     (TSJ):    0.050ns
    Total Input Jitter      (TIJ):    0.000ns
    Discrete Jitter          (DJ):    0.000ns
    Phase Error              (PE):    0.000ns

    Location             Delay type                Incr(ns)  Path(ns)    Netlist Resource(s)
  -------------------------------------------------------------------    -------------------
                                                      0.000     0.000 r  rst_n (IN)
                         net (fo=0)                   0.000     0.000    rst_n_IBUF_inst/I
                         INBUF (Prop_INBUF_PAD_O)     0.533     0.533 r  rst_n_IBUF_inst/INBUF_INST/O
                         net (fo=1, unplaced)         0.000     0.533    rst_n_IBUF_inst/OUT
                         IBUFCTRL (Prop_IBUFCTRL_I_O)
                                                      0.000     0.533 r  rst_n_IBUF_inst/IBUFCTRL_INST/O
                         net (fo=1, unplaced)         0.936     1.469    rst_n_IBUF
                         LUT1 (Prop_LUT1_I0_O)        0.038     1.507 f  pipeline_stage[13].curr_key_reg[13][127]_i_2/O
                         net (fo=5391, unplaced)      0.362     1.869    pipeline_stage[13].curr_key_reg[13][127]_i_2_n_0
                         FDCE                                         f  curr_key_reg_reg[0][0]/CLR
  -------------------------------------------------------------------    -------------------

                         (clock clk rise edge)        0.000     0.000 r  
                                                      0.000     0.000 r  clk (IN)
                         net (fo=0)                   0.000     0.000    clk_IBUF_inst/I
                         INBUF (Prop_INBUF_PAD_O)     0.283     0.283 r  clk_IBUF_inst/INBUF_INST/O
                         net (fo=1, unplaced)         0.000     0.283    clk_IBUF_inst/OUT
                         IBUFCTRL (Prop_IBUFCTRL_I_O)
                                                      0.000     0.283 r  clk_IBUF_inst/IBUFCTRL_INST/O
                         net (fo=1, unplaced)         0.247     0.530    clk_IBUF
                         BUFGCE (Prop_BUFGCE_I_O)     0.024     0.554 r  clk_IBUF_BUFG_inst/O
                         net (fo=5391, unplaced)      2.439     2.993    clk_IBUF_BUFG
                         FDCE                                         r  curr_key_reg_reg[0][0]/C

Slack:                    inf
  Source:                 rst_n
                            (input port)
  Destination:            curr_key_reg_reg[0][100]/CLR
                            (recovery check against rising-edge clock clk  {rise@0.000ns fall@10.000ns period=20.000ns})
  Path Group:             (none)
  Path Type:              Recovery (Max at Slow Process Corner)
  Data Path Delay:        1.869ns  (logic 0.571ns (30.561%)  route 1.298ns (69.439%))
  Logic Levels:           3  (IBUFCTRL=1 INBUF=1 LUT1=1)
  Clock Path Skew:        2.993ns (DCD - SCD + CPR)
    Destination Clock Delay (DCD):    2.993ns
    Source Clock Delay      (SCD):    0.000ns
    Clock Pessimism Removal (CPR):    0.000ns
  Clock Uncertainty:      0.025ns  ((TSJ^2 + TIJ^2)^1/2 + DJ) / 2 + PE
    Total System Jitter     (TSJ):    0.050ns
    Total Input Jitter      (TIJ):    0.000ns
    Discrete Jitter          (DJ):    0.000ns
    Phase Error              (PE):    0.000ns

    Location             Delay type                Incr(ns)  Path(ns)    Netlist Resource(s)
  -------------------------------------------------------------------    -------------------
                                                      0.000     0.000 r  rst_n (IN)
                         net (fo=0)                   0.000     0.000    rst_n_IBUF_inst/I
                         INBUF (Prop_INBUF_PAD_O)     0.533     0.533 r  rst_n_IBUF_inst/INBUF_INST/O
                         net (fo=1, unplaced)         0.000     0.533    rst_n_IBUF_inst/OUT
                         IBUFCTRL (Prop_IBUFCTRL_I_O)
                                                      0.000     0.533 r  rst_n_IBUF_inst/IBUFCTRL_INST/O
                         net (fo=1, unplaced)         0.936     1.469    rst_n_IBUF
                         LUT1 (Prop_LUT1_I0_O)        0.038     1.507 f  pipeline_stage[13].curr_key_reg[13][127]_i_2/O
                         net (fo=5391, unplaced)      0.362     1.869    pipeline_stage[13].curr_key_reg[13][127]_i_2_n_0
                         FDCE                                         f  curr_key_reg_reg[0][100]/CLR
  -------------------------------------------------------------------    -------------------

                         (clock clk rise edge)        0.000     0.000 r  
                                                      0.000     0.000 r  clk (IN)
                         net (fo=0)                   0.000     0.000    clk_IBUF_inst/I
                         INBUF (Prop_INBUF_PAD_O)     0.283     0.283 r  clk_IBUF_inst/INBUF_INST/O
                         net (fo=1, unplaced)         0.000     0.283    clk_IBUF_inst/OUT
                         IBUFCTRL (Prop_IBUFCTRL_I_O)
                                                      0.000     0.283 r  clk_IBUF_inst/IBUFCTRL_INST/O
                         net (fo=1, unplaced)         0.247     0.530    clk_IBUF
                         BUFGCE (Prop_BUFGCE_I_O)     0.024     0.554 r  clk_IBUF_BUFG_inst/O
                         net (fo=5391, unplaced)      2.439     2.993    clk_IBUF_BUFG
                         FDCE                                         r  curr_key_reg_reg[0][100]/C

Slack:                    inf
  Source:                 rst_n
                            (input port)
  Destination:            curr_key_reg_reg[0][101]/CLR
                            (recovery check against rising-edge clock clk  {rise@0.000ns fall@10.000ns period=20.000ns})
  Path Group:             (none)
  Path Type:              Recovery (Max at Slow Process Corner)
  Data Path Delay:        1.869ns  (logic 0.571ns (30.561%)  route 1.298ns (69.439%))
  Logic Levels:           3  (IBUFCTRL=1 INBUF=1 LUT1=1)
  Clock Path Skew:        2.993ns (DCD - SCD + CPR)
    Destination Clock Delay (DCD):    2.993ns
    Source Clock Delay      (SCD):    0.000ns
    Clock Pessimism Removal (CPR):    0.000ns
  Clock Uncertainty:      0.025ns  ((TSJ^2 + TIJ^2)^1/2 + DJ) / 2 + PE
    Total System Jitter     (TSJ):    0.050ns
    Total Input Jitter      (TIJ):    0.000ns
    Discrete Jitter          (DJ):    0.000ns
    Phase Error              (PE):    0.000ns

    Location             Delay type                Incr(ns)  Path(ns)    Netlist Resource(s)
  -------------------------------------------------------------------    -------------------
                                                      0.000     0.000 r  rst_n (IN)
                         net (fo=0)                   0.000     0.000    rst_n_IBUF_inst/I
                         INBUF (Prop_INBUF_PAD_O)     0.533     0.533 r  rst_n_IBUF_inst/INBUF_INST/O
                         net (fo=1, unplaced)         0.000     0.533    rst_n_IBUF_inst/OUT
                         IBUFCTRL (Prop_IBUFCTRL_I_O)
                                                      0.000     0.533 r  rst_n_IBUF_inst/IBUFCTRL_INST/O
                         net (fo=1, unplaced)         0.936     1.469    rst_n_IBUF
                         LUT1 (Prop_LUT1_I0_O)        0.038     1.507 f  pipeline_stage[13].curr_key_reg[13][127]_i_2/O
                         net (fo=5391, unplaced)      0.362     1.869    pipeline_stage[13].curr_key_reg[13][127]_i_2_n_0
                         FDCE                                         f  curr_key_reg_reg[0][101]/CLR
  -------------------------------------------------------------------    -------------------

                         (clock clk rise edge)        0.000     0.000 r  
                                                      0.000     0.000 r  clk (IN)
                         net (fo=0)                   0.000     0.000    clk_IBUF_inst/I
                         INBUF (Prop_INBUF_PAD_O)     0.283     0.283 r  clk_IBUF_inst/INBUF_INST/O
                         net (fo=1, unplaced)         0.000     0.283    clk_IBUF_inst/OUT
                         IBUFCTRL (Prop_IBUFCTRL_I_O)
                                                      0.000     0.283 r  clk_IBUF_inst/IBUFCTRL_INST/O
                         net (fo=1, unplaced)         0.247     0.530    clk_IBUF
                         BUFGCE (Prop_BUFGCE_I_O)     0.024     0.554 r  clk_IBUF_BUFG_inst/O
                         net (fo=5391, unplaced)      2.439     2.993    clk_IBUF_BUFG
                         FDCE                                         r  curr_key_reg_reg[0][101]/C

Slack:                    inf
  Source:                 rst_n
                            (input port)
  Destination:            curr_key_reg_reg[0][102]/CLR
                            (recovery check against rising-edge clock clk  {rise@0.000ns fall@10.000ns period=20.000ns})
  Path Group:             (none)
  Path Type:              Recovery (Max at Slow Process Corner)
  Data Path Delay:        1.869ns  (logic 0.571ns (30.561%)  route 1.298ns (69.439%))
  Logic Levels:           3  (IBUFCTRL=1 INBUF=1 LUT1=1)
  Clock Path Skew:        2.993ns (DCD - SCD + CPR)
    Destination Clock Delay (DCD):    2.993ns
    Source Clock Delay      (SCD):    0.000ns
    Clock Pessimism Removal (CPR):    0.000ns
  Clock Uncertainty:      0.025ns  ((TSJ^2 + TIJ^2)^1/2 + DJ) / 2 + PE
    Total System Jitter     (TSJ):    0.050ns
    Total Input Jitter      (TIJ):    0.000ns
    Discrete Jitter          (DJ):    0.000ns
    Phase Error              (PE):    0.000ns

    Location             Delay type                Incr(ns)  Path(ns)    Netlist Resource(s)
  -------------------------------------------------------------------    -------------------
                                                      0.000     0.000 r  rst_n (IN)
                         net (fo=0)                   0.000     0.000    rst_n_IBUF_inst/I
                         INBUF (Prop_INBUF_PAD_O)     0.533     0.533 r  rst_n_IBUF_inst/INBUF_INST/O
                         net (fo=1, unplaced)         0.000     0.533    rst_n_IBUF_inst/OUT
                         IBUFCTRL (Prop_IBUFCTRL_I_O)
                                                      0.000     0.533 r  rst_n_IBUF_inst/IBUFCTRL_INST/O
                         net (fo=1, unplaced)         0.936     1.469    rst_n_IBUF
                         LUT1 (Prop_LUT1_I0_O)        0.038     1.507 f  pipeline_stage[13].curr_key_reg[13][127]_i_2/O
                         net (fo=5391, unplaced)      0.362     1.869    pipeline_stage[13].curr_key_reg[13][127]_i_2_n_0
                         FDCE                                         f  curr_key_reg_reg[0][102]/CLR
  -------------------------------------------------------------------    -------------------

                         (clock clk rise edge)        0.000     0.000 r  
                                                      0.000     0.000 r  clk (IN)
                         net (fo=0)                   0.000     0.000    clk_IBUF_inst/I
                         INBUF (Prop_INBUF_PAD_O)     0.283     0.283 r  clk_IBUF_inst/INBUF_INST/O
                         net (fo=1, unplaced)         0.000     0.283    clk_IBUF_inst/OUT
                         IBUFCTRL (Prop_IBUFCTRL_I_O)
                                                      0.000     0.283 r  clk_IBUF_inst/IBUFCTRL_INST/O
                         net (fo=1, unplaced)         0.247     0.530    clk_IBUF
                         BUFGCE (Prop_BUFGCE_I_O)     0.024     0.554 r  clk_IBUF_BUFG_inst/O
                         net (fo=5391, unplaced)      2.439     2.993    clk_IBUF_BUFG
                         FDCE                                         r  curr_key_reg_reg[0][102]/C

Slack:                    inf
  Source:                 rst_n
                            (input port)
  Destination:            curr_key_reg_reg[0][103]/CLR
                            (recovery check against rising-edge clock clk  {rise@0.000ns fall@10.000ns period=20.000ns})
  Path Group:             (none)
  Path Type:              Recovery (Max at Slow Process Corner)
  Data Path Delay:        1.869ns  (logic 0.571ns (30.561%)  route 1.298ns (69.439%))
  Logic Levels:           3  (IBUFCTRL=1 INBUF=1 LUT1=1)
  Clock Path Skew:        2.993ns (DCD - SCD + CPR)
    Destination Clock Delay (DCD):    2.993ns
    Source Clock Delay      (SCD):    0.000ns
    Clock Pessimism Removal (CPR):    0.000ns
  Clock Uncertainty:      0.025ns  ((TSJ^2 + TIJ^2)^1/2 + DJ) / 2 + PE
    Total System Jitter     (TSJ):    0.050ns
    Total Input Jitter      (TIJ):    0.000ns
    Discrete Jitter          (DJ):    0.000ns
    Phase Error              (PE):    0.000ns

    Location             Delay type                Incr(ns)  Path(ns)    Netlist Resource(s)
  -------------------------------------------------------------------    -------------------
                                                      0.000     0.000 r  rst_n (IN)
                         net (fo=0)                   0.000     0.000    rst_n_IBUF_inst/I
                         INBUF (Prop_INBUF_PAD_O)     0.533     0.533 r  rst_n_IBUF_inst/INBUF_INST/O
                         net (fo=1, unplaced)         0.000     0.533    rst_n_IBUF_inst/OUT
                         IBUFCTRL (Prop_IBUFCTRL_I_O)
                                                      0.000     0.533 r  rst_n_IBUF_inst/IBUFCTRL_INST/O
                         net (fo=1, unplaced)         0.936     1.469    rst_n_IBUF
                         LUT1 (Prop_LUT1_I0_O)        0.038     1.507 f  pipeline_stage[13].curr_key_reg[13][127]_i_2/O
                         net (fo=5391, unplaced)      0.362     1.869    pipeline_stage[13].curr_key_reg[13][127]_i_2_n_0
                         FDCE                                         f  curr_key_reg_reg[0][103]/CLR
  -------------------------------------------------------------------    -------------------

                         (clock clk rise edge)        0.000     0.000 r  
                                                      0.000     0.000 r  clk (IN)
                         net (fo=0)                   0.000     0.000    clk_IBUF_inst/I
                         INBUF (Prop_INBUF_PAD_O)     0.283     0.283 r  clk_IBUF_inst/INBUF_INST/O
                         net (fo=1, unplaced)         0.000     0.283    clk_IBUF_inst/OUT
                         IBUFCTRL (Prop_IBUFCTRL_I_O)
                                                      0.000     0.283 r  clk_IBUF_inst/IBUFCTRL_INST/O
                         net (fo=1, unplaced)         0.247     0.530    clk_IBUF
                         BUFGCE (Prop_BUFGCE_I_O)     0.024     0.554 r  clk_IBUF_BUFG_inst/O
                         net (fo=5391, unplaced)      2.439     2.993    clk_IBUF_BUFG
                         FDCE                                         r  curr_key_reg_reg[0][103]/C

Slack:                    inf
  Source:                 rst_n
                            (input port)
  Destination:            curr_key_reg_reg[0][104]/CLR
                            (recovery check against rising-edge clock clk  {rise@0.000ns fall@10.000ns period=20.000ns})
  Path Group:             (none)
  Path Type:              Recovery (Max at Slow Process Corner)
  Data Path Delay:        1.869ns  (logic 0.571ns (30.561%)  route 1.298ns (69.439%))
  Logic Levels:           3  (IBUFCTRL=1 INBUF=1 LUT1=1)
  Clock Path Skew:        2.993ns (DCD - SCD + CPR)
    Destination Clock Delay (DCD):    2.993ns
    Source Clock Delay      (SCD):    0.000ns
    Clock Pessimism Removal (CPR):    0.000ns
  Clock Uncertainty:      0.025ns  ((TSJ^2 + TIJ^2)^1/2 + DJ) / 2 + PE
    Total System Jitter     (TSJ):    0.050ns
    Total Input Jitter      (TIJ):    0.000ns
    Discrete Jitter          (DJ):    0.000ns
    Phase Error              (PE):    0.000ns

    Location             Delay type                Incr(ns)  Path(ns)    Netlist Resource(s)
  -------------------------------------------------------------------    -------------------
                                                      0.000     0.000 r  rst_n (IN)
                         net (fo=0)                   0.000     0.000    rst_n_IBUF_inst/I
                         INBUF (Prop_INBUF_PAD_O)     0.533     0.533 r  rst_n_IBUF_inst/INBUF_INST/O
                         net (fo=1, unplaced)         0.000     0.533    rst_n_IBUF_inst/OUT
                         IBUFCTRL (Prop_IBUFCTRL_I_O)
                                                      0.000     0.533 r  rst_n_IBUF_inst/IBUFCTRL_INST/O
                         net (fo=1, unplaced)         0.936     1.469    rst_n_IBUF
                         LUT1 (Prop_LUT1_I0_O)        0.038     1.507 f  pipeline_stage[13].curr_key_reg[13][127]_i_2/O
                         net (fo=5391, unplaced)      0.362     1.869    pipeline_stage[13].curr_key_reg[13][127]_i_2_n_0
                         FDCE                                         f  curr_key_reg_reg[0][104]/CLR
  -------------------------------------------------------------------    -------------------

                         (clock clk rise edge)        0.000     0.000 r  
                                                      0.000     0.000 r  clk (IN)
                         net (fo=0)                   0.000     0.000    clk_IBUF_inst/I
                         INBUF (Prop_INBUF_PAD_O)     0.283     0.283 r  clk_IBUF_inst/INBUF_INST/O
                         net (fo=1, unplaced)         0.000     0.283    clk_IBUF_inst/OUT
                         IBUFCTRL (Prop_IBUFCTRL_I_O)
                                                      0.000     0.283 r  clk_IBUF_inst/IBUFCTRL_INST/O
                         net (fo=1, unplaced)         0.247     0.530    clk_IBUF
                         BUFGCE (Prop_BUFGCE_I_O)     0.024     0.554 r  clk_IBUF_BUFG_inst/O
                         net (fo=5391, unplaced)      2.439     2.993    clk_IBUF_BUFG
                         FDCE                                         r  curr_key_reg_reg[0][104]/C

Slack:                    inf
  Source:                 rst_n
                            (input port)
  Destination:            curr_key_reg_reg[0][105]/CLR
                            (recovery check against rising-edge clock clk  {rise@0.000ns fall@10.000ns period=20.000ns})
  Path Group:             (none)
  Path Type:              Recovery (Max at Slow Process Corner)
  Data Path Delay:        1.869ns  (logic 0.571ns (30.561%)  route 1.298ns (69.439%))
  Logic Levels:           3  (IBUFCTRL=1 INBUF=1 LUT1=1)
  Clock Path Skew:        2.993ns (DCD - SCD + CPR)
    Destination Clock Delay (DCD):    2.993ns
    Source Clock Delay      (SCD):    0.000ns
    Clock Pessimism Removal (CPR):    0.000ns
  Clock Uncertainty:      0.025ns  ((TSJ^2 + TIJ^2)^1/2 + DJ) / 2 + PE
    Total System Jitter     (TSJ):    0.050ns
    Total Input Jitter      (TIJ):    0.000ns
    Discrete Jitter          (DJ):    0.000ns
    Phase Error              (PE):    0.000ns

    Location             Delay type                Incr(ns)  Path(ns)    Netlist Resource(s)
  -------------------------------------------------------------------    -------------------
                                                      0.000     0.000 r  rst_n (IN)
                         net (fo=0)                   0.000     0.000    rst_n_IBUF_inst/I
                         INBUF (Prop_INBUF_PAD_O)     0.533     0.533 r  rst_n_IBUF_inst/INBUF_INST/O
                         net (fo=1, unplaced)         0.000     0.533    rst_n_IBUF_inst/OUT
                         IBUFCTRL (Prop_IBUFCTRL_I_O)
                                                      0.000     0.533 r  rst_n_IBUF_inst/IBUFCTRL_INST/O
                         net (fo=1, unplaced)         0.936     1.469    rst_n_IBUF
                         LUT1 (Prop_LUT1_I0_O)        0.038     1.507 f  pipeline_stage[13].curr_key_reg[13][127]_i_2/O
                         net (fo=5391, unplaced)      0.362     1.869    pipeline_stage[13].curr_key_reg[13][127]_i_2_n_0
                         FDCE                                         f  curr_key_reg_reg[0][105]/CLR
  -------------------------------------------------------------------    -------------------

                         (clock clk rise edge)        0.000     0.000 r  
                                                      0.000     0.000 r  clk (IN)
                         net (fo=0)                   0.000     0.000    clk_IBUF_inst/I
                         INBUF (Prop_INBUF_PAD_O)     0.283     0.283 r  clk_IBUF_inst/INBUF_INST/O
                         net (fo=1, unplaced)         0.000     0.283    clk_IBUF_inst/OUT
                         IBUFCTRL (Prop_IBUFCTRL_I_O)
                                                      0.000     0.283 r  clk_IBUF_inst/IBUFCTRL_INST/O
                         net (fo=1, unplaced)         0.247     0.530    clk_IBUF
                         BUFGCE (Prop_BUFGCE_I_O)     0.024     0.554 r  clk_IBUF_BUFG_inst/O
                         net (fo=5391, unplaced)      2.439     2.993    clk_IBUF_BUFG
                         FDCE                                         r  curr_key_reg_reg[0][105]/C

Slack:                    inf
  Source:                 rst_n
                            (input port)
  Destination:            curr_key_reg_reg[0][106]/CLR
                            (recovery check against rising-edge clock clk  {rise@0.000ns fall@10.000ns period=20.000ns})
  Path Group:             (none)
  Path Type:              Recovery (Max at Slow Process Corner)
  Data Path Delay:        1.869ns  (logic 0.571ns (30.561%)  route 1.298ns (69.439%))
  Logic Levels:           3  (IBUFCTRL=1 INBUF=1 LUT1=1)
  Clock Path Skew:        2.993ns (DCD - SCD + CPR)
    Destination Clock Delay (DCD):    2.993ns
    Source Clock Delay      (SCD):    0.000ns
    Clock Pessimism Removal (CPR):    0.000ns
  Clock Uncertainty:      0.025ns  ((TSJ^2 + TIJ^2)^1/2 + DJ) / 2 + PE
    Total System Jitter     (TSJ):    0.050ns
    Total Input Jitter      (TIJ):    0.000ns
    Discrete Jitter          (DJ):    0.000ns
    Phase Error              (PE):    0.000ns

    Location             Delay type                Incr(ns)  Path(ns)    Netlist Resource(s)
  -------------------------------------------------------------------    -------------------
                                                      0.000     0.000 r  rst_n (IN)
                         net (fo=0)                   0.000     0.000    rst_n_IBUF_inst/I
                         INBUF (Prop_INBUF_PAD_O)     0.533     0.533 r  rst_n_IBUF_inst/INBUF_INST/O
                         net (fo=1, unplaced)         0.000     0.533    rst_n_IBUF_inst/OUT
                         IBUFCTRL (Prop_IBUFCTRL_I_O)
                                                      0.000     0.533 r  rst_n_IBUF_inst/IBUFCTRL_INST/O
                         net (fo=1, unplaced)         0.936     1.469    rst_n_IBUF
                         LUT1 (Prop_LUT1_I0_O)        0.038     1.507 f  pipeline_stage[13].curr_key_reg[13][127]_i_2/O
                         net (fo=5391, unplaced)      0.362     1.869    pipeline_stage[13].curr_key_reg[13][127]_i_2_n_0
                         FDCE                                         f  curr_key_reg_reg[0][106]/CLR
  -------------------------------------------------------------------    -------------------

                         (clock clk rise edge)        0.000     0.000 r  
                                                      0.000     0.000 r  clk (IN)
                         net (fo=0)                   0.000     0.000    clk_IBUF_inst/I
                         INBUF (Prop_INBUF_PAD_O)     0.283     0.283 r  clk_IBUF_inst/INBUF_INST/O
                         net (fo=1, unplaced)         0.000     0.283    clk_IBUF_inst/OUT
                         IBUFCTRL (Prop_IBUFCTRL_I_O)
                                                      0.000     0.283 r  clk_IBUF_inst/IBUFCTRL_INST/O
                         net (fo=1, unplaced)         0.247     0.530    clk_IBUF
                         BUFGCE (Prop_BUFGCE_I_O)     0.024     0.554 r  clk_IBUF_BUFG_inst/O
                         net (fo=5391, unplaced)      2.439     2.993    clk_IBUF_BUFG
                         FDCE                                         r  curr_key_reg_reg[0][106]/C

Slack:                    inf
  Source:                 rst_n
                            (input port)
  Destination:            curr_key_reg_reg[0][107]/CLR
                            (recovery check against rising-edge clock clk  {rise@0.000ns fall@10.000ns period=20.000ns})
  Path Group:             (none)
  Path Type:              Recovery (Max at Slow Process Corner)
  Data Path Delay:        1.869ns  (logic 0.571ns (30.561%)  route 1.298ns (69.439%))
  Logic Levels:           3  (IBUFCTRL=1 INBUF=1 LUT1=1)
  Clock Path Skew:        2.993ns (DCD - SCD + CPR)
    Destination Clock Delay (DCD):    2.993ns
    Source Clock Delay      (SCD):    0.000ns
    Clock Pessimism Removal (CPR):    0.000ns
  Clock Uncertainty:      0.025ns  ((TSJ^2 + TIJ^2)^1/2 + DJ) / 2 + PE
    Total System Jitter     (TSJ):    0.050ns
    Total Input Jitter      (TIJ):    0.000ns
    Discrete Jitter          (DJ):    0.000ns
    Phase Error              (PE):    0.000ns

    Location             Delay type                Incr(ns)  Path(ns)    Netlist Resource(s)
  -------------------------------------------------------------------    -------------------
                                                      0.000     0.000 r  rst_n (IN)
                         net (fo=0)                   0.000     0.000    rst_n_IBUF_inst/I
                         INBUF (Prop_INBUF_PAD_O)     0.533     0.533 r  rst_n_IBUF_inst/INBUF_INST/O
                         net (fo=1, unplaced)         0.000     0.533    rst_n_IBUF_inst/OUT
                         IBUFCTRL (Prop_IBUFCTRL_I_O)
                                                      0.000     0.533 r  rst_n_IBUF_inst/IBUFCTRL_INST/O
                         net (fo=1, unplaced)         0.936     1.469    rst_n_IBUF
                         LUT1 (Prop_LUT1_I0_O)        0.038     1.507 f  pipeline_stage[13].curr_key_reg[13][127]_i_2/O
                         net (fo=5391, unplaced)      0.362     1.869    pipeline_stage[13].curr_key_reg[13][127]_i_2_n_0
                         FDCE                                         f  curr_key_reg_reg[0][107]/CLR
  -------------------------------------------------------------------    -------------------

                         (clock clk rise edge)        0.000     0.000 r  
                                                      0.000     0.000 r  clk (IN)
                         net (fo=0)                   0.000     0.000    clk_IBUF_inst/I
                         INBUF (Prop_INBUF_PAD_O)     0.283     0.283 r  clk_IBUF_inst/INBUF_INST/O
                         net (fo=1, unplaced)         0.000     0.283    clk_IBUF_inst/OUT
                         IBUFCTRL (Prop_IBUFCTRL_I_O)
                                                      0.000     0.283 r  clk_IBUF_inst/IBUFCTRL_INST/O
                         net (fo=1, unplaced)         0.247     0.530    clk_IBUF
                         BUFGCE (Prop_BUFGCE_I_O)     0.024     0.554 r  clk_IBUF_BUFG_inst/O
                         net (fo=5391, unplaced)      2.439     2.993    clk_IBUF_BUFG
                         FDCE                                         r  curr_key_reg_reg[0][107]/C

Slack:                    inf
  Source:                 rst_n
                            (input port)
  Destination:            curr_key_reg_reg[0][108]/CLR
                            (recovery check against rising-edge clock clk  {rise@0.000ns fall@10.000ns period=20.000ns})
  Path Group:             (none)
  Path Type:              Recovery (Max at Slow Process Corner)
  Data Path Delay:        1.869ns  (logic 0.571ns (30.561%)  route 1.298ns (69.439%))
  Logic Levels:           3  (IBUFCTRL=1 INBUF=1 LUT1=1)
  Clock Path Skew:        2.993ns (DCD - SCD + CPR)
    Destination Clock Delay (DCD):    2.993ns
    Source Clock Delay      (SCD):    0.000ns
    Clock Pessimism Removal (CPR):    0.000ns
  Clock Uncertainty:      0.025ns  ((TSJ^2 + TIJ^2)^1/2 + DJ) / 2 + PE
    Total System Jitter     (TSJ):    0.050ns
    Total Input Jitter      (TIJ):    0.000ns
    Discrete Jitter          (DJ):    0.000ns
    Phase Error              (PE):    0.000ns

    Location             Delay type                Incr(ns)  Path(ns)    Netlist Resource(s)
  -------------------------------------------------------------------    -------------------
                                                      0.000     0.000 r  rst_n (IN)
                         net (fo=0)                   0.000     0.000    rst_n_IBUF_inst/I
                         INBUF (Prop_INBUF_PAD_O)     0.533     0.533 r  rst_n_IBUF_inst/INBUF_INST/O
                         net (fo=1, unplaced)         0.000     0.533    rst_n_IBUF_inst/OUT
                         IBUFCTRL (Prop_IBUFCTRL_I_O)
                                                      0.000     0.533 r  rst_n_IBUF_inst/IBUFCTRL_INST/O
                         net (fo=1, unplaced)         0.936     1.469    rst_n_IBUF
                         LUT1 (Prop_LUT1_I0_O)        0.038     1.507 f  pipeline_stage[13].curr_key_reg[13][127]_i_2/O
                         net (fo=5391, unplaced)      0.362     1.869    pipeline_stage[13].curr_key_reg[13][127]_i_2_n_0
                         FDCE                                         f  curr_key_reg_reg[0][108]/CLR
  -------------------------------------------------------------------    -------------------

                         (clock clk rise edge)        0.000     0.000 r  
                                                      0.000     0.000 r  clk (IN)
                         net (fo=0)                   0.000     0.000    clk_IBUF_inst/I
                         INBUF (Prop_INBUF_PAD_O)     0.283     0.283 r  clk_IBUF_inst/INBUF_INST/O
                         net (fo=1, unplaced)         0.000     0.283    clk_IBUF_inst/OUT
                         IBUFCTRL (Prop_IBUFCTRL_I_O)
                                                      0.000     0.283 r  clk_IBUF_inst/IBUFCTRL_INST/O
                         net (fo=1, unplaced)         0.247     0.530    clk_IBUF
                         BUFGCE (Prop_BUFGCE_I_O)     0.024     0.554 r  clk_IBUF_BUFG_inst/O
                         net (fo=5391, unplaced)      2.439     2.993    clk_IBUF_BUFG
                         FDCE                                         r  curr_key_reg_reg[0][108]/C

Slack:                    inf
  Source:                 rst_n
                            (input port)
  Destination:            curr_key_reg_reg[0][109]/CLR
                            (recovery check against rising-edge clock clk  {rise@0.000ns fall@10.000ns period=20.000ns})
  Path Group:             (none)
  Path Type:              Recovery (Max at Slow Process Corner)
  Data Path Delay:        1.869ns  (logic 0.571ns (30.561%)  route 1.298ns (69.439%))
  Logic Levels:           3  (IBUFCTRL=1 INBUF=1 LUT1=1)
  Clock Path Skew:        2.993ns (DCD - SCD + CPR)
    Destination Clock Delay (DCD):    2.993ns
    Source Clock Delay      (SCD):    0.000ns
    Clock Pessimism Removal (CPR):    0.000ns
  Clock Uncertainty:      0.025ns  ((TSJ^2 + TIJ^2)^1/2 + DJ) / 2 + PE
    Total System Jitter     (TSJ):    0.050ns
    Total Input Jitter      (TIJ):    0.000ns
    Discrete Jitter          (DJ):    0.000ns
    Phase Error              (PE):    0.000ns

    Location             Delay type                Incr(ns)  Path(ns)    Netlist Resource(s)
  -------------------------------------------------------------------    -------------------
                                                      0.000     0.000 r  rst_n (IN)
                         net (fo=0)                   0.000     0.000    rst_n_IBUF_inst/I
                         INBUF (Prop_INBUF_PAD_O)     0.533     0.533 r  rst_n_IBUF_inst/INBUF_INST/O
                         net (fo=1, unplaced)         0.000     0.533    rst_n_IBUF_inst/OUT
                         IBUFCTRL (Prop_IBUFCTRL_I_O)
                                                      0.000     0.533 r  rst_n_IBUF_inst/IBUFCTRL_INST/O
                         net (fo=1, unplaced)         0.936     1.469    rst_n_IBUF
                         LUT1 (Prop_LUT1_I0_O)        0.038     1.507 f  pipeline_stage[13].curr_key_reg[13][127]_i_2/O
                         net (fo=5391, unplaced)      0.362     1.869    pipeline_stage[13].curr_key_reg[13][127]_i_2_n_0
                         FDCE                                         f  curr_key_reg_reg[0][109]/CLR
  -------------------------------------------------------------------    -------------------

                         (clock clk rise edge)        0.000     0.000 r  
                                                      0.000     0.000 r  clk (IN)
                         net (fo=0)                   0.000     0.000    clk_IBUF_inst/I
                         INBUF (Prop_INBUF_PAD_O)     0.283     0.283 r  clk_IBUF_inst/INBUF_INST/O
                         net (fo=1, unplaced)         0.000     0.283    clk_IBUF_inst/OUT
                         IBUFCTRL (Prop_IBUFCTRL_I_O)
                                                      0.000     0.283 r  clk_IBUF_inst/IBUFCTRL_INST/O
                         net (fo=1, unplaced)         0.247     0.530    clk_IBUF
                         BUFGCE (Prop_BUFGCE_I_O)     0.024     0.554 r  clk_IBUF_BUFG_inst/O
                         net (fo=5391, unplaced)      2.439     2.993    clk_IBUF_BUFG
                         FDCE                                         r  curr_key_reg_reg[0][109]/C

Slack:                    inf
  Source:                 rst_n
                            (input port)
  Destination:            curr_key_reg_reg[0][10]/CLR
                            (recovery check against rising-edge clock clk  {rise@0.000ns fall@10.000ns period=20.000ns})
  Path Group:             (none)
  Path Type:              Recovery (Max at Slow Process Corner)
  Data Path Delay:        1.869ns  (logic 0.571ns (30.561%)  route 1.298ns (69.439%))
  Logic Levels:           3  (IBUFCTRL=1 INBUF=1 LUT1=1)
  Clock Path Skew:        2.993ns (DCD - SCD + CPR)
    Destination Clock Delay (DCD):    2.993ns
    Source Clock Delay      (SCD):    0.000ns
    Clock Pessimism Removal (CPR):    0.000ns
  Clock Uncertainty:      0.025ns  ((TSJ^2 + TIJ^2)^1/2 + DJ) / 2 + PE
    Total System Jitter     (TSJ):    0.050ns
    Total Input Jitter      (TIJ):    0.000ns
    Discrete Jitter          (DJ):    0.000ns
    Phase Error              (PE):    0.000ns

    Location             Delay type                Incr(ns)  Path(ns)    Netlist Resource(s)
  -------------------------------------------------------------------    -------------------
                                                      0.000     0.000 r  rst_n (IN)
                         net (fo=0)                   0.000     0.000    rst_n_IBUF_inst/I
                         INBUF (Prop_INBUF_PAD_O)     0.533     0.533 r  rst_n_IBUF_inst/INBUF_INST/O
                         net (fo=1, unplaced)         0.000     0.533    rst_n_IBUF_inst/OUT
                         IBUFCTRL (Prop_IBUFCTRL_I_O)
                                                      0.000     0.533 r  rst_n_IBUF_inst/IBUFCTRL_INST/O
                         net (fo=1, unplaced)         0.936     1.469    rst_n_IBUF
                         LUT1 (Prop_LUT1_I0_O)        0.038     1.507 f  pipeline_stage[13].curr_key_reg[13][127]_i_2/O
                         net (fo=5391, unplaced)      0.362     1.869    pipeline_stage[13].curr_key_reg[13][127]_i_2_n_0
                         FDCE                                         f  curr_key_reg_reg[0][10]/CLR
  -------------------------------------------------------------------    -------------------

                         (clock clk rise edge)        0.000     0.000 r  
                                                      0.000     0.000 r  clk (IN)
                         net (fo=0)                   0.000     0.000    clk_IBUF_inst/I
                         INBUF (Prop_INBUF_PAD_O)     0.283     0.283 r  clk_IBUF_inst/INBUF_INST/O
                         net (fo=1, unplaced)         0.000     0.283    clk_IBUF_inst/OUT
                         IBUFCTRL (Prop_IBUFCTRL_I_O)
                                                      0.000     0.283 r  clk_IBUF_inst/IBUFCTRL_INST/O
                         net (fo=1, unplaced)         0.247     0.530    clk_IBUF
                         BUFGCE (Prop_BUFGCE_I_O)     0.024     0.554 r  clk_IBUF_BUFG_inst/O
                         net (fo=5391, unplaced)      2.439     2.993    clk_IBUF_BUFG
                         FDCE                                         r  curr_key_reg_reg[0][10]/C

Slack:                    inf
  Source:                 rst_n
                            (input port)
  Destination:            curr_key_reg_reg[0][110]/CLR
                            (recovery check against rising-edge clock clk  {rise@0.000ns fall@10.000ns period=20.000ns})
  Path Group:             (none)
  Path Type:              Recovery (Max at Slow Process Corner)
  Data Path Delay:        1.869ns  (logic 0.571ns (30.561%)  route 1.298ns (69.439%))
  Logic Levels:           3  (IBUFCTRL=1 INBUF=1 LUT1=1)
  Clock Path Skew:        2.993ns (DCD - SCD + CPR)
    Destination Clock Delay (DCD):    2.993ns
    Source Clock Delay      (SCD):    0.000ns
    Clock Pessimism Removal (CPR):    0.000ns
  Clock Uncertainty:      0.025ns  ((TSJ^2 + TIJ^2)^1/2 + DJ) / 2 + PE
    Total System Jitter     (TSJ):    0.050ns
    Total Input Jitter      (TIJ):    0.000ns
    Discrete Jitter          (DJ):    0.000ns
    Phase Error              (PE):    0.000ns

    Location             Delay type                Incr(ns)  Path(ns)    Netlist Resource(s)
  -------------------------------------------------------------------    -------------------
                                                      0.000     0.000 r  rst_n (IN)
                         net (fo=0)                   0.000     0.000    rst_n_IBUF_inst/I
                         INBUF (Prop_INBUF_PAD_O)     0.533     0.533 r  rst_n_IBUF_inst/INBUF_INST/O
                         net (fo=1, unplaced)         0.000     0.533    rst_n_IBUF_inst/OUT
                         IBUFCTRL (Prop_IBUFCTRL_I_O)
                                                      0.000     0.533 r  rst_n_IBUF_inst/IBUFCTRL_INST/O
                         net (fo=1, unplaced)         0.936     1.469    rst_n_IBUF
                         LUT1 (Prop_LUT1_I0_O)        0.038     1.507 f  pipeline_stage[13].curr_key_reg[13][127]_i_2/O
                         net (fo=5391, unplaced)      0.362     1.869    pipeline_stage[13].curr_key_reg[13][127]_i_2_n_0
                         FDCE                                         f  curr_key_reg_reg[0][110]/CLR
  -------------------------------------------------------------------    -------------------

                         (clock clk rise edge)        0.000     0.000 r  
                                                      0.000     0.000 r  clk (IN)
                         net (fo=0)                   0.000     0.000    clk_IBUF_inst/I
                         INBUF (Prop_INBUF_PAD_O)     0.283     0.283 r  clk_IBUF_inst/INBUF_INST/O
                         net (fo=1, unplaced)         0.000     0.283    clk_IBUF_inst/OUT
                         IBUFCTRL (Prop_IBUFCTRL_I_O)
                                                      0.000     0.283 r  clk_IBUF_inst/IBUFCTRL_INST/O
                         net (fo=1, unplaced)         0.247     0.530    clk_IBUF
                         BUFGCE (Prop_BUFGCE_I_O)     0.024     0.554 r  clk_IBUF_BUFG_inst/O
                         net (fo=5391, unplaced)      2.439     2.993    clk_IBUF_BUFG
                         FDCE                                         r  curr_key_reg_reg[0][110]/C

Slack:                    inf
  Source:                 rst_n
                            (input port)
  Destination:            curr_key_reg_reg[0][111]/CLR
                            (recovery check against rising-edge clock clk  {rise@0.000ns fall@10.000ns period=20.000ns})
  Path Group:             (none)
  Path Type:              Recovery (Max at Slow Process Corner)
  Data Path Delay:        1.869ns  (logic 0.571ns (30.561%)  route 1.298ns (69.439%))
  Logic Levels:           3  (IBUFCTRL=1 INBUF=1 LUT1=1)
  Clock Path Skew:        2.993ns (DCD - SCD + CPR)
    Destination Clock Delay (DCD):    2.993ns
    Source Clock Delay      (SCD):    0.000ns
    Clock Pessimism Removal (CPR):    0.000ns
  Clock Uncertainty:      0.025ns  ((TSJ^2 + TIJ^2)^1/2 + DJ) / 2 + PE
    Total System Jitter     (TSJ):    0.050ns
    Total Input Jitter      (TIJ):    0.000ns
    Discrete Jitter          (DJ):    0.000ns
    Phase Error              (PE):    0.000ns

    Location             Delay type                Incr(ns)  Path(ns)    Netlist Resource(s)
  -------------------------------------------------------------------    -------------------
                                                      0.000     0.000 r  rst_n (IN)
                         net (fo=0)                   0.000     0.000    rst_n_IBUF_inst/I
                         INBUF (Prop_INBUF_PAD_O)     0.533     0.533 r  rst_n_IBUF_inst/INBUF_INST/O
                         net (fo=1, unplaced)         0.000     0.533    rst_n_IBUF_inst/OUT
                         IBUFCTRL (Prop_IBUFCTRL_I_O)
                                                      0.000     0.533 r  rst_n_IBUF_inst/IBUFCTRL_INST/O
                         net (fo=1, unplaced)         0.936     1.469    rst_n_IBUF
                         LUT1 (Prop_LUT1_I0_O)        0.038     1.507 f  pipeline_stage[13].curr_key_reg[13][127]_i_2/O
                         net (fo=5391, unplaced)      0.362     1.869    pipeline_stage[13].curr_key_reg[13][127]_i_2_n_0
                         FDCE                                         f  curr_key_reg_reg[0][111]/CLR
  -------------------------------------------------------------------    -------------------

                         (clock clk rise edge)        0.000     0.000 r  
                                                      0.000     0.000 r  clk (IN)
                         net (fo=0)                   0.000     0.000    clk_IBUF_inst/I
                         INBUF (Prop_INBUF_PAD_O)     0.283     0.283 r  clk_IBUF_inst/INBUF_INST/O
                         net (fo=1, unplaced)         0.000     0.283    clk_IBUF_inst/OUT
                         IBUFCTRL (Prop_IBUFCTRL_I_O)
                                                      0.000     0.283 r  clk_IBUF_inst/IBUFCTRL_INST/O
                         net (fo=1, unplaced)         0.247     0.530    clk_IBUF
                         BUFGCE (Prop_BUFGCE_I_O)     0.024     0.554 r  clk_IBUF_BUFG_inst/O
                         net (fo=5391, unplaced)      2.439     2.993    clk_IBUF_BUFG
                         FDCE                                         r  curr_key_reg_reg[0][111]/C

Slack:                    inf
  Source:                 rst_n
                            (input port)
  Destination:            curr_key_reg_reg[0][112]/CLR
                            (recovery check against rising-edge clock clk  {rise@0.000ns fall@10.000ns period=20.000ns})
  Path Group:             (none)
  Path Type:              Recovery (Max at Slow Process Corner)
  Data Path Delay:        1.869ns  (logic 0.571ns (30.561%)  route 1.298ns (69.439%))
  Logic Levels:           3  (IBUFCTRL=1 INBUF=1 LUT1=1)
  Clock Path Skew:        2.993ns (DCD - SCD + CPR)
    Destination Clock Delay (DCD):    2.993ns
    Source Clock Delay      (SCD):    0.000ns
    Clock Pessimism Removal (CPR):    0.000ns
  Clock Uncertainty:      0.025ns  ((TSJ^2 + TIJ^2)^1/2 + DJ) / 2 + PE
    Total System Jitter     (TSJ):    0.050ns
    Total Input Jitter      (TIJ):    0.000ns
    Discrete Jitter          (DJ):    0.000ns
    Phase Error              (PE):    0.000ns

    Location             Delay type                Incr(ns)  Path(ns)    Netlist Resource(s)
  -------------------------------------------------------------------    -------------------
                                                      0.000     0.000 r  rst_n (IN)
                         net (fo=0)                   0.000     0.000    rst_n_IBUF_inst/I
                         INBUF (Prop_INBUF_PAD_O)     0.533     0.533 r  rst_n_IBUF_inst/INBUF_INST/O
                         net (fo=1, unplaced)         0.000     0.533    rst_n_IBUF_inst/OUT
                         IBUFCTRL (Prop_IBUFCTRL_I_O)
                                                      0.000     0.533 r  rst_n_IBUF_inst/IBUFCTRL_INST/O
                         net (fo=1, unplaced)         0.936     1.469    rst_n_IBUF
                         LUT1 (Prop_LUT1_I0_O)        0.038     1.507 f  pipeline_stage[13].curr_key_reg[13][127]_i_2/O
                         net (fo=5391, unplaced)      0.362     1.869    pipeline_stage[13].curr_key_reg[13][127]_i_2_n_0
                         FDCE                                         f  curr_key_reg_reg[0][112]/CLR
  -------------------------------------------------------------------    -------------------

                         (clock clk rise edge)        0.000     0.000 r  
                                                      0.000     0.000 r  clk (IN)
                         net (fo=0)                   0.000     0.000    clk_IBUF_inst/I
                         INBUF (Prop_INBUF_PAD_O)     0.283     0.283 r  clk_IBUF_inst/INBUF_INST/O
                         net (fo=1, unplaced)         0.000     0.283    clk_IBUF_inst/OUT
                         IBUFCTRL (Prop_IBUFCTRL_I_O)
                                                      0.000     0.283 r  clk_IBUF_inst/IBUFCTRL_INST/O
                         net (fo=1, unplaced)         0.247     0.530    clk_IBUF
                         BUFGCE (Prop_BUFGCE_I_O)     0.024     0.554 r  clk_IBUF_BUFG_inst/O
                         net (fo=5391, unplaced)      2.439     2.993    clk_IBUF_BUFG
                         FDCE                                         r  curr_key_reg_reg[0][112]/C

Slack:                    inf
  Source:                 rst_n
                            (input port)
  Destination:            curr_key_reg_reg[0][113]/CLR
                            (recovery check against rising-edge clock clk  {rise@0.000ns fall@10.000ns period=20.000ns})
  Path Group:             (none)
  Path Type:              Recovery (Max at Slow Process Corner)
  Data Path Delay:        1.869ns  (logic 0.571ns (30.561%)  route 1.298ns (69.439%))
  Logic Levels:           3  (IBUFCTRL=1 INBUF=1 LUT1=1)
  Clock Path Skew:        2.993ns (DCD - SCD + CPR)
    Destination Clock Delay (DCD):    2.993ns
    Source Clock Delay      (SCD):    0.000ns
    Clock Pessimism Removal (CPR):    0.000ns
  Clock Uncertainty:      0.025ns  ((TSJ^2 + TIJ^2)^1/2 + DJ) / 2 + PE
    Total System Jitter     (TSJ):    0.050ns
    Total Input Jitter      (TIJ):    0.000ns
    Discrete Jitter          (DJ):    0.000ns
    Phase Error              (PE):    0.000ns

    Location             Delay type                Incr(ns)  Path(ns)    Netlist Resource(s)
  -------------------------------------------------------------------    -------------------
                                                      0.000     0.000 r  rst_n (IN)
                         net (fo=0)                   0.000     0.000    rst_n_IBUF_inst/I
                         INBUF (Prop_INBUF_PAD_O)     0.533     0.533 r  rst_n_IBUF_inst/INBUF_INST/O
                         net (fo=1, unplaced)         0.000     0.533    rst_n_IBUF_inst/OUT
                         IBUFCTRL (Prop_IBUFCTRL_I_O)
                                                      0.000     0.533 r  rst_n_IBUF_inst/IBUFCTRL_INST/O
                         net (fo=1, unplaced)         0.936     1.469    rst_n_IBUF
                         LUT1 (Prop_LUT1_I0_O)        0.038     1.507 f  pipeline_stage[13].curr_key_reg[13][127]_i_2/O
                         net (fo=5391, unplaced)      0.362     1.869    pipeline_stage[13].curr_key_reg[13][127]_i_2_n_0
                         FDCE                                         f  curr_key_reg_reg[0][113]/CLR
  -------------------------------------------------------------------    -------------------

                         (clock clk rise edge)        0.000     0.000 r  
                                                      0.000     0.000 r  clk (IN)
                         net (fo=0)                   0.000     0.000    clk_IBUF_inst/I
                         INBUF (Prop_INBUF_PAD_O)     0.283     0.283 r  clk_IBUF_inst/INBUF_INST/O
                         net (fo=1, unplaced)         0.000     0.283    clk_IBUF_inst/OUT
                         IBUFCTRL (Prop_IBUFCTRL_I_O)
                                                      0.000     0.283 r  clk_IBUF_inst/IBUFCTRL_INST/O
                         net (fo=1, unplaced)         0.247     0.530    clk_IBUF
                         BUFGCE (Prop_BUFGCE_I_O)     0.024     0.554 r  clk_IBUF_BUFG_inst/O
                         net (fo=5391, unplaced)      2.439     2.993    clk_IBUF_BUFG
                         FDCE                                         r  curr_key_reg_reg[0][113]/C

Slack:                    inf
  Source:                 rst_n
                            (input port)
  Destination:            curr_key_reg_reg[0][114]/CLR
                            (recovery check against rising-edge clock clk  {rise@0.000ns fall@10.000ns period=20.000ns})
  Path Group:             (none)
  Path Type:              Recovery (Max at Slow Process Corner)
  Data Path Delay:        1.869ns  (logic 0.571ns (30.561%)  route 1.298ns (69.439%))
  Logic Levels:           3  (IBUFCTRL=1 INBUF=1 LUT1=1)
  Clock Path Skew:        2.993ns (DCD - SCD + CPR)
    Destination Clock Delay (DCD):    2.993ns
    Source Clock Delay      (SCD):    0.000ns
    Clock Pessimism Removal (CPR):    0.000ns
  Clock Uncertainty:      0.025ns  ((TSJ^2 + TIJ^2)^1/2 + DJ) / 2 + PE
    Total System Jitter     (TSJ):    0.050ns
    Total Input Jitter      (TIJ):    0.000ns
    Discrete Jitter          (DJ):    0.000ns
    Phase Error              (PE):    0.000ns

    Location             Delay type                Incr(ns)  Path(ns)    Netlist Resource(s)
  -------------------------------------------------------------------    -------------------
                                                      0.000     0.000 r  rst_n (IN)
                         net (fo=0)                   0.000     0.000    rst_n_IBUF_inst/I
                         INBUF (Prop_INBUF_PAD_O)     0.533     0.533 r  rst_n_IBUF_inst/INBUF_INST/O
                         net (fo=1, unplaced)         0.000     0.533    rst_n_IBUF_inst/OUT
                         IBUFCTRL (Prop_IBUFCTRL_I_O)
                                                      0.000     0.533 r  rst_n_IBUF_inst/IBUFCTRL_INST/O
                         net (fo=1, unplaced)         0.936     1.469    rst_n_IBUF
                         LUT1 (Prop_LUT1_I0_O)        0.038     1.507 f  pipeline_stage[13].curr_key_reg[13][127]_i_2/O
                         net (fo=5391, unplaced)      0.362     1.869    pipeline_stage[13].curr_key_reg[13][127]_i_2_n_0
                         FDCE                                         f  curr_key_reg_reg[0][114]/CLR
  -------------------------------------------------------------------    -------------------

                         (clock clk rise edge)        0.000     0.000 r  
                                                      0.000     0.000 r  clk (IN)
                         net (fo=0)                   0.000     0.000    clk_IBUF_inst/I
                         INBUF (Prop_INBUF_PAD_O)     0.283     0.283 r  clk_IBUF_inst/INBUF_INST/O
                         net (fo=1, unplaced)         0.000     0.283    clk_IBUF_inst/OUT
                         IBUFCTRL (Prop_IBUFCTRL_I_O)
                                                      0.000     0.283 r  clk_IBUF_inst/IBUFCTRL_INST/O
                         net (fo=1, unplaced)         0.247     0.530    clk_IBUF
                         BUFGCE (Prop_BUFGCE_I_O)     0.024     0.554 r  clk_IBUF_BUFG_inst/O
                         net (fo=5391, unplaced)      2.439     2.993    clk_IBUF_BUFG
                         FDCE                                         r  curr_key_reg_reg[0][114]/C

Slack:                    inf
  Source:                 rst_n
                            (input port)
  Destination:            curr_key_reg_reg[0][115]/CLR
                            (recovery check against rising-edge clock clk  {rise@0.000ns fall@10.000ns period=20.000ns})
  Path Group:             (none)
  Path Type:              Recovery (Max at Slow Process Corner)
  Data Path Delay:        1.869ns  (logic 0.571ns (30.561%)  route 1.298ns (69.439%))
  Logic Levels:           3  (IBUFCTRL=1 INBUF=1 LUT1=1)
  Clock Path Skew:        2.993ns (DCD - SCD + CPR)
    Destination Clock Delay (DCD):    2.993ns
    Source Clock Delay      (SCD):    0.000ns
    Clock Pessimism Removal (CPR):    0.000ns
  Clock Uncertainty:      0.025ns  ((TSJ^2 + TIJ^2)^1/2 + DJ) / 2 + PE
    Total System Jitter     (TSJ):    0.050ns
    Total Input Jitter      (TIJ):    0.000ns
    Discrete Jitter          (DJ):    0.000ns
    Phase Error              (PE):    0.000ns

    Location             Delay type                Incr(ns)  Path(ns)    Netlist Resource(s)
  -------------------------------------------------------------------    -------------------
                                                      0.000     0.000 r  rst_n (IN)
                         net (fo=0)                   0.000     0.000    rst_n_IBUF_inst/I
                         INBUF (Prop_INBUF_PAD_O)     0.533     0.533 r  rst_n_IBUF_inst/INBUF_INST/O
                         net (fo=1, unplaced)         0.000     0.533    rst_n_IBUF_inst/OUT
                         IBUFCTRL (Prop_IBUFCTRL_I_O)
                                                      0.000     0.533 r  rst_n_IBUF_inst/IBUFCTRL_INST/O
                         net (fo=1, unplaced)         0.936     1.469    rst_n_IBUF
                         LUT1 (Prop_LUT1_I0_O)        0.038     1.507 f  pipeline_stage[13].curr_key_reg[13][127]_i_2/O
                         net (fo=5391, unplaced)      0.362     1.869    pipeline_stage[13].curr_key_reg[13][127]_i_2_n_0
                         FDCE                                         f  curr_key_reg_reg[0][115]/CLR
  -------------------------------------------------------------------    -------------------

                         (clock clk rise edge)        0.000     0.000 r  
                                                      0.000     0.000 r  clk (IN)
                         net (fo=0)                   0.000     0.000    clk_IBUF_inst/I
                         INBUF (Prop_INBUF_PAD_O)     0.283     0.283 r  clk_IBUF_inst/INBUF_INST/O
                         net (fo=1, unplaced)         0.000     0.283    clk_IBUF_inst/OUT
                         IBUFCTRL (Prop_IBUFCTRL_I_O)
                                                      0.000     0.283 r  clk_IBUF_inst/IBUFCTRL_INST/O
                         net (fo=1, unplaced)         0.247     0.530    clk_IBUF
                         BUFGCE (Prop_BUFGCE_I_O)     0.024     0.554 r  clk_IBUF_BUFG_inst/O
                         net (fo=5391, unplaced)      2.439     2.993    clk_IBUF_BUFG
                         FDCE                                         r  curr_key_reg_reg[0][115]/C

Slack:                    inf
  Source:                 rst_n
                            (input port)
  Destination:            curr_key_reg_reg[0][116]/CLR
                            (recovery check against rising-edge clock clk  {rise@0.000ns fall@10.000ns period=20.000ns})
  Path Group:             (none)
  Path Type:              Recovery (Max at Slow Process Corner)
  Data Path Delay:        1.869ns  (logic 0.571ns (30.561%)  route 1.298ns (69.439%))
  Logic Levels:           3  (IBUFCTRL=1 INBUF=1 LUT1=1)
  Clock Path Skew:        2.993ns (DCD - SCD + CPR)
    Destination Clock Delay (DCD):    2.993ns
    Source Clock Delay      (SCD):    0.000ns
    Clock Pessimism Removal (CPR):    0.000ns
  Clock Uncertainty:      0.025ns  ((TSJ^2 + TIJ^2)^1/2 + DJ) / 2 + PE
    Total System Jitter     (TSJ):    0.050ns
    Total Input Jitter      (TIJ):    0.000ns
    Discrete Jitter          (DJ):    0.000ns
    Phase Error              (PE):    0.000ns

    Location             Delay type                Incr(ns)  Path(ns)    Netlist Resource(s)
  -------------------------------------------------------------------    -------------------
                                                      0.000     0.000 r  rst_n (IN)
                         net (fo=0)                   0.000     0.000    rst_n_IBUF_inst/I
                         INBUF (Prop_INBUF_PAD_O)     0.533     0.533 r  rst_n_IBUF_inst/INBUF_INST/O
                         net (fo=1, unplaced)         0.000     0.533    rst_n_IBUF_inst/OUT
                         IBUFCTRL (Prop_IBUFCTRL_I_O)
                                                      0.000     0.533 r  rst_n_IBUF_inst/IBUFCTRL_INST/O
                         net (fo=1, unplaced)         0.936     1.469    rst_n_IBUF
                         LUT1 (Prop_LUT1_I0_O)        0.038     1.507 f  pipeline_stage[13].curr_key_reg[13][127]_i_2/O
                         net (fo=5391, unplaced)      0.362     1.869    pipeline_stage[13].curr_key_reg[13][127]_i_2_n_0
                         FDCE                                         f  curr_key_reg_reg[0][116]/CLR
  -------------------------------------------------------------------    -------------------

                         (clock clk rise edge)        0.000     0.000 r  
                                                      0.000     0.000 r  clk (IN)
                         net (fo=0)                   0.000     0.000    clk_IBUF_inst/I
                         INBUF (Prop_INBUF_PAD_O)     0.283     0.283 r  clk_IBUF_inst/INBUF_INST/O
                         net (fo=1, unplaced)         0.000     0.283    clk_IBUF_inst/OUT
                         IBUFCTRL (Prop_IBUFCTRL_I_O)
                                                      0.000     0.283 r  clk_IBUF_inst/IBUFCTRL_INST/O
                         net (fo=1, unplaced)         0.247     0.530    clk_IBUF
                         BUFGCE (Prop_BUFGCE_I_O)     0.024     0.554 r  clk_IBUF_BUFG_inst/O
                         net (fo=5391, unplaced)      2.439     2.993    clk_IBUF_BUFG
                         FDCE                                         r  curr_key_reg_reg[0][116]/C

Slack:                    inf
  Source:                 rst_n
                            (input port)
  Destination:            curr_key_reg_reg[0][117]/CLR
                            (recovery check against rising-edge clock clk  {rise@0.000ns fall@10.000ns period=20.000ns})
  Path Group:             (none)
  Path Type:              Recovery (Max at Slow Process Corner)
  Data Path Delay:        1.869ns  (logic 0.571ns (30.561%)  route 1.298ns (69.439%))
  Logic Levels:           3  (IBUFCTRL=1 INBUF=1 LUT1=1)
  Clock Path Skew:        2.993ns (DCD - SCD + CPR)
    Destination Clock Delay (DCD):    2.993ns
    Source Clock Delay      (SCD):    0.000ns
    Clock Pessimism Removal (CPR):    0.000ns
  Clock Uncertainty:      0.025ns  ((TSJ^2 + TIJ^2)^1/2 + DJ) / 2 + PE
    Total System Jitter     (TSJ):    0.050ns
    Total Input Jitter      (TIJ):    0.000ns
    Discrete Jitter          (DJ):    0.000ns
    Phase Error              (PE):    0.000ns

    Location             Delay type                Incr(ns)  Path(ns)    Netlist Resource(s)
  -------------------------------------------------------------------    -------------------
                                                      0.000     0.000 r  rst_n (IN)
                         net (fo=0)                   0.000     0.000    rst_n_IBUF_inst/I
                         INBUF (Prop_INBUF_PAD_O)     0.533     0.533 r  rst_n_IBUF_inst/INBUF_INST/O
                         net (fo=1, unplaced)         0.000     0.533    rst_n_IBUF_inst/OUT
                         IBUFCTRL (Prop_IBUFCTRL_I_O)
                                                      0.000     0.533 r  rst_n_IBUF_inst/IBUFCTRL_INST/O
                         net (fo=1, unplaced)         0.936     1.469    rst_n_IBUF
                         LUT1 (Prop_LUT1_I0_O)        0.038     1.507 f  pipeline_stage[13].curr_key_reg[13][127]_i_2/O
                         net (fo=5391, unplaced)      0.362     1.869    pipeline_stage[13].curr_key_reg[13][127]_i_2_n_0
                         FDCE                                         f  curr_key_reg_reg[0][117]/CLR
  -------------------------------------------------------------------    -------------------

                         (clock clk rise edge)        0.000     0.000 r  
                                                      0.000     0.000 r  clk (IN)
                         net (fo=0)                   0.000     0.000    clk_IBUF_inst/I
                         INBUF (Prop_INBUF_PAD_O)     0.283     0.283 r  clk_IBUF_inst/INBUF_INST/O
                         net (fo=1, unplaced)         0.000     0.283    clk_IBUF_inst/OUT
                         IBUFCTRL (Prop_IBUFCTRL_I_O)
                                                      0.000     0.283 r  clk_IBUF_inst/IBUFCTRL_INST/O
                         net (fo=1, unplaced)         0.247     0.530    clk_IBUF
                         BUFGCE (Prop_BUFGCE_I_O)     0.024     0.554 r  clk_IBUF_BUFG_inst/O
                         net (fo=5391, unplaced)      2.439     2.993    clk_IBUF_BUFG
                         FDCE                                         r  curr_key_reg_reg[0][117]/C





Min Delay Paths
--------------------------------------------------------------------------------------
Slack:                    inf
  Source:                 key[128]
                            (input port)
  Destination:            state_reg_reg[0][0]/D
                            (rising edge-triggered cell FDCE clocked by clk  {rise@0.000ns fall@10.000ns period=20.000ns})
  Path Group:             (none)
  Path Type:              Hold (Min at Fast Process Corner)
  Data Path Delay:        0.536ns  (logic 0.191ns (35.648%)  route 0.345ns (64.352%))
  Logic Levels:           3  (IBUFCTRL=1 INBUF=1 LUT2=1)
  Clock Path Skew:        1.778ns (DCD - SCD - CPR)
    Destination Clock Delay (DCD):    1.778ns
    Source Clock Delay      (SCD):    0.000ns
    Clock Pessimism Removal (CPR):    -0.000ns

    Location             Delay type                Incr(ns)  Path(ns)    Netlist Resource(s)
  -------------------------------------------------------------------    -------------------
                                                      0.000     0.000 r  key[128] (IN)
                         net (fo=0)                   0.000     0.000    key_IBUF[128]_inst/I
                         INBUF (Prop_INBUF_PAD_O)     0.168     0.168 r  key_IBUF[128]_inst/INBUF_INST/O
                         net (fo=1, unplaced)         0.000     0.168    key_IBUF[128]_inst/OUT
                         IBUFCTRL (Prop_IBUFCTRL_I_O)
                                                      0.000     0.168 r  key_IBUF[128]_inst/IBUFCTRL_INST/O
                         net (fo=2, unplaced)         0.329     0.497    key_IBUF[128]
                         LUT2 (Prop_LUT2_I0_O)        0.023     0.520 r  state_reg[0][0]_i_1/O
                         net (fo=1, unplaced)         0.016     0.536    p_0_out[0]
                         FDCE                                         r  state_reg_reg[0][0]/D
  -------------------------------------------------------------------    -------------------

                         (clock clk rise edge)        0.000     0.000 r  
                                                      0.000     0.000 r  clk (IN)
                         net (fo=0)                   0.000     0.000    clk_IBUF_inst/I
                         INBUF (Prop_INBUF_PAD_O)     0.353     0.353 r  clk_IBUF_inst/INBUF_INST/O
                         net (fo=1, unplaced)         0.000     0.353    clk_IBUF_inst/OUT
                         IBUFCTRL (Prop_IBUFCTRL_I_O)
                                                      0.000     0.353 r  clk_IBUF_inst/IBUFCTRL_INST/O
                         net (fo=1, unplaced)         0.147     0.500    clk_IBUF
                         BUFGCE (Prop_BUFGCE_I_O)     0.019     0.519 r  clk_IBUF_BUFG_inst/O
                         net (fo=5391, unplaced)      1.259     1.778    clk_IBUF_BUFG
                         FDCE                                         r  state_reg_reg[0][0]/C

Slack:                    inf
  Source:                 key[228]
                            (input port)
  Destination:            state_reg_reg[0][100]/D
                            (rising edge-triggered cell FDCE clocked by clk  {rise@0.000ns fall@10.000ns period=20.000ns})
  Path Group:             (none)
  Path Type:              Hold (Min at Fast Process Corner)
  Data Path Delay:        0.536ns  (logic 0.191ns (35.648%)  route 0.345ns (64.352%))
  Logic Levels:           3  (IBUFCTRL=1 INBUF=1 LUT2=1)
  Clock Path Skew:        1.778ns (DCD - SCD - CPR)
    Destination Clock Delay (DCD):    1.778ns
    Source Clock Delay      (SCD):    0.000ns
    Clock Pessimism Removal (CPR):    -0.000ns

    Location             Delay type                Incr(ns)  Path(ns)    Netlist Resource(s)
  -------------------------------------------------------------------    -------------------
                                                      0.000     0.000 r  key[228] (IN)
                         net (fo=0)                   0.000     0.000    key_IBUF[228]_inst/I
                         INBUF (Prop_INBUF_PAD_O)     0.168     0.168 r  key_IBUF[228]_inst/INBUF_INST/O
                         net (fo=1, unplaced)         0.000     0.168    key_IBUF[228]_inst/OUT
                         IBUFCTRL (Prop_IBUFCTRL_I_O)
                                                      0.000     0.168 r  key_IBUF[228]_inst/IBUFCTRL_INST/O
                         net (fo=2, unplaced)         0.329     0.497    key_IBUF[228]
                         LUT2 (Prop_LUT2_I0_O)        0.023     0.520 r  state_reg[0][100]_i_1/O
                         net (fo=1, unplaced)         0.016     0.536    p_0_out[100]
                         FDCE                                         r  state_reg_reg[0][100]/D
  -------------------------------------------------------------------    -------------------

                         (clock clk rise edge)        0.000     0.000 r  
                                                      0.000     0.000 r  clk (IN)
                         net (fo=0)                   0.000     0.000    clk_IBUF_inst/I
                         INBUF (Prop_INBUF_PAD_O)     0.353     0.353 r  clk_IBUF_inst/INBUF_INST/O
                         net (fo=1, unplaced)         0.000     0.353    clk_IBUF_inst/OUT
                         IBUFCTRL (Prop_IBUFCTRL_I_O)
                                                      0.000     0.353 r  clk_IBUF_inst/IBUFCTRL_INST/O
                         net (fo=1, unplaced)         0.147     0.500    clk_IBUF
                         BUFGCE (Prop_BUFGCE_I_O)     0.019     0.519 r  clk_IBUF_BUFG_inst/O
                         net (fo=5391, unplaced)      1.259     1.778    clk_IBUF_BUFG
                         FDCE                                         r  state_reg_reg[0][100]/C

Slack:                    inf
  Source:                 key[229]
                            (input port)
  Destination:            state_reg_reg[0][101]/D
                            (rising edge-triggered cell FDCE clocked by clk  {rise@0.000ns fall@10.000ns period=20.000ns})
  Path Group:             (none)
  Path Type:              Hold (Min at Fast Process Corner)
  Data Path Delay:        0.536ns  (logic 0.191ns (35.648%)  route 0.345ns (64.352%))
  Logic Levels:           3  (IBUFCTRL=1 INBUF=1 LUT2=1)
  Clock Path Skew:        1.778ns (DCD - SCD - CPR)
    Destination Clock Delay (DCD):    1.778ns
    Source Clock Delay      (SCD):    0.000ns
    Clock Pessimism Removal (CPR):    -0.000ns

    Location             Delay type                Incr(ns)  Path(ns)    Netlist Resource(s)
  -------------------------------------------------------------------    -------------------
                                                      0.000     0.000 r  key[229] (IN)
                         net (fo=0)                   0.000     0.000    key_IBUF[229]_inst/I
                         INBUF (Prop_INBUF_PAD_O)     0.168     0.168 r  key_IBUF[229]_inst/INBUF_INST/O
                         net (fo=1, unplaced)         0.000     0.168    key_IBUF[229]_inst/OUT
                         IBUFCTRL (Prop_IBUFCTRL_I_O)
                                                      0.000     0.168 r  key_IBUF[229]_inst/IBUFCTRL_INST/O
                         net (fo=2, unplaced)         0.329     0.497    key_IBUF[229]
                         LUT2 (Prop_LUT2_I0_O)        0.023     0.520 r  state_reg[0][101]_i_1/O
                         net (fo=1, unplaced)         0.016     0.536    p_0_out[101]
                         FDCE                                         r  state_reg_reg[0][101]/D
  -------------------------------------------------------------------    -------------------

                         (clock clk rise edge)        0.000     0.000 r  
                                                      0.000     0.000 r  clk (IN)
                         net (fo=0)                   0.000     0.000    clk_IBUF_inst/I
                         INBUF (Prop_INBUF_PAD_O)     0.353     0.353 r  clk_IBUF_inst/INBUF_INST/O
                         net (fo=1, unplaced)         0.000     0.353    clk_IBUF_inst/OUT
                         IBUFCTRL (Prop_IBUFCTRL_I_O)
                                                      0.000     0.353 r  clk_IBUF_inst/IBUFCTRL_INST/O
                         net (fo=1, unplaced)         0.147     0.500    clk_IBUF
                         BUFGCE (Prop_BUFGCE_I_O)     0.019     0.519 r  clk_IBUF_BUFG_inst/O
                         net (fo=5391, unplaced)      1.259     1.778    clk_IBUF_BUFG
                         FDCE                                         r  state_reg_reg[0][101]/C

Slack:                    inf
  Source:                 key[230]
                            (input port)
  Destination:            state_reg_reg[0][102]/D
                            (rising edge-triggered cell FDCE clocked by clk  {rise@0.000ns fall@10.000ns period=20.000ns})
  Path Group:             (none)
  Path Type:              Hold (Min at Fast Process Corner)
  Data Path Delay:        0.536ns  (logic 0.191ns (35.648%)  route 0.345ns (64.352%))
  Logic Levels:           3  (IBUFCTRL=1 INBUF=1 LUT2=1)
  Clock Path Skew:        1.778ns (DCD - SCD - CPR)
    Destination Clock Delay (DCD):    1.778ns
    Source Clock Delay      (SCD):    0.000ns
    Clock Pessimism Removal (CPR):    -0.000ns

    Location             Delay type                Incr(ns)  Path(ns)    Netlist Resource(s)
  -------------------------------------------------------------------    -------------------
                                                      0.000     0.000 r  key[230] (IN)
                         net (fo=0)                   0.000     0.000    key_IBUF[230]_inst/I
                         INBUF (Prop_INBUF_PAD_O)     0.168     0.168 r  key_IBUF[230]_inst/INBUF_INST/O
                         net (fo=1, unplaced)         0.000     0.168    key_IBUF[230]_inst/OUT
                         IBUFCTRL (Prop_IBUFCTRL_I_O)
                                                      0.000     0.168 r  key_IBUF[230]_inst/IBUFCTRL_INST/O
                         net (fo=2, unplaced)         0.329     0.497    key_IBUF[230]
                         LUT2 (Prop_LUT2_I0_O)        0.023     0.520 r  state_reg[0][102]_i_1/O
                         net (fo=1, unplaced)         0.016     0.536    p_0_out[102]
                         FDCE                                         r  state_reg_reg[0][102]/D
  -------------------------------------------------------------------    -------------------

                         (clock clk rise edge)        0.000     0.000 r  
                                                      0.000     0.000 r  clk (IN)
                         net (fo=0)                   0.000     0.000    clk_IBUF_inst/I
                         INBUF (Prop_INBUF_PAD_O)     0.353     0.353 r  clk_IBUF_inst/INBUF_INST/O
                         net (fo=1, unplaced)         0.000     0.353    clk_IBUF_inst/OUT
                         IBUFCTRL (Prop_IBUFCTRL_I_O)
                                                      0.000     0.353 r  clk_IBUF_inst/IBUFCTRL_INST/O
                         net (fo=1, unplaced)         0.147     0.500    clk_IBUF
                         BUFGCE (Prop_BUFGCE_I_O)     0.019     0.519 r  clk_IBUF_BUFG_inst/O
                         net (fo=5391, unplaced)      1.259     1.778    clk_IBUF_BUFG
                         FDCE                                         r  state_reg_reg[0][102]/C

Slack:                    inf
  Source:                 key[231]
                            (input port)
  Destination:            state_reg_reg[0][103]/D
                            (rising edge-triggered cell FDCE clocked by clk  {rise@0.000ns fall@10.000ns period=20.000ns})
  Path Group:             (none)
  Path Type:              Hold (Min at Fast Process Corner)
  Data Path Delay:        0.536ns  (logic 0.191ns (35.648%)  route 0.345ns (64.352%))
  Logic Levels:           3  (IBUFCTRL=1 INBUF=1 LUT2=1)
  Clock Path Skew:        1.778ns (DCD - SCD - CPR)
    Destination Clock Delay (DCD):    1.778ns
    Source Clock Delay      (SCD):    0.000ns
    Clock Pessimism Removal (CPR):    -0.000ns

    Location             Delay type                Incr(ns)  Path(ns)    Netlist Resource(s)
  -------------------------------------------------------------------    -------------------
                                                      0.000     0.000 r  key[231] (IN)
                         net (fo=0)                   0.000     0.000    key_IBUF[231]_inst/I
                         INBUF (Prop_INBUF_PAD_O)     0.168     0.168 r  key_IBUF[231]_inst/INBUF_INST/O
                         net (fo=1, unplaced)         0.000     0.168    key_IBUF[231]_inst/OUT
                         IBUFCTRL (Prop_IBUFCTRL_I_O)
                                                      0.000     0.168 r  key_IBUF[231]_inst/IBUFCTRL_INST/O
                         net (fo=2, unplaced)         0.329     0.497    key_IBUF[231]
                         LUT2 (Prop_LUT2_I0_O)        0.023     0.520 r  state_reg[0][103]_i_1/O
                         net (fo=1, unplaced)         0.016     0.536    p_0_out[103]
                         FDCE                                         r  state_reg_reg[0][103]/D
  -------------------------------------------------------------------    -------------------

                         (clock clk rise edge)        0.000     0.000 r  
                                                      0.000     0.000 r  clk (IN)
                         net (fo=0)                   0.000     0.000    clk_IBUF_inst/I
                         INBUF (Prop_INBUF_PAD_O)     0.353     0.353 r  clk_IBUF_inst/INBUF_INST/O
                         net (fo=1, unplaced)         0.000     0.353    clk_IBUF_inst/OUT
                         IBUFCTRL (Prop_IBUFCTRL_I_O)
                                                      0.000     0.353 r  clk_IBUF_inst/IBUFCTRL_INST/O
                         net (fo=1, unplaced)         0.147     0.500    clk_IBUF
                         BUFGCE (Prop_BUFGCE_I_O)     0.019     0.519 r  clk_IBUF_BUFG_inst/O
                         net (fo=5391, unplaced)      1.259     1.778    clk_IBUF_BUFG
                         FDCE                                         r  state_reg_reg[0][103]/C

Slack:                    inf
  Source:                 key[232]
                            (input port)
  Destination:            state_reg_reg[0][104]/D
                            (rising edge-triggered cell FDCE clocked by clk  {rise@0.000ns fall@10.000ns period=20.000ns})
  Path Group:             (none)
  Path Type:              Hold (Min at Fast Process Corner)
  Data Path Delay:        0.536ns  (logic 0.191ns (35.648%)  route 0.345ns (64.352%))
  Logic Levels:           3  (IBUFCTRL=1 INBUF=1 LUT2=1)
  Clock Path Skew:        1.778ns (DCD - SCD - CPR)
    Destination Clock Delay (DCD):    1.778ns
    Source Clock Delay      (SCD):    0.000ns
    Clock Pessimism Removal (CPR):    -0.000ns

    Location             Delay type                Incr(ns)  Path(ns)    Netlist Resource(s)
  -------------------------------------------------------------------    -------------------
                                                      0.000     0.000 r  key[232] (IN)
                         net (fo=0)                   0.000     0.000    key_IBUF[232]_inst/I
                         INBUF (Prop_INBUF_PAD_O)     0.168     0.168 r  key_IBUF[232]_inst/INBUF_INST/O
                         net (fo=1, unplaced)         0.000     0.168    key_IBUF[232]_inst/OUT
                         IBUFCTRL (Prop_IBUFCTRL_I_O)
                                                      0.000     0.168 r  key_IBUF[232]_inst/IBUFCTRL_INST/O
                         net (fo=2, unplaced)         0.329     0.497    key_IBUF[232]
                         LUT2 (Prop_LUT2_I0_O)        0.023     0.520 r  state_reg[0][104]_i_1/O
                         net (fo=1, unplaced)         0.016     0.536    p_0_out[104]
                         FDCE                                         r  state_reg_reg[0][104]/D
  -------------------------------------------------------------------    -------------------

                         (clock clk rise edge)        0.000     0.000 r  
                                                      0.000     0.000 r  clk (IN)
                         net (fo=0)                   0.000     0.000    clk_IBUF_inst/I
                         INBUF (Prop_INBUF_PAD_O)     0.353     0.353 r  clk_IBUF_inst/INBUF_INST/O
                         net (fo=1, unplaced)         0.000     0.353    clk_IBUF_inst/OUT
                         IBUFCTRL (Prop_IBUFCTRL_I_O)
                                                      0.000     0.353 r  clk_IBUF_inst/IBUFCTRL_INST/O
                         net (fo=1, unplaced)         0.147     0.500    clk_IBUF
                         BUFGCE (Prop_BUFGCE_I_O)     0.019     0.519 r  clk_IBUF_BUFG_inst/O
                         net (fo=5391, unplaced)      1.259     1.778    clk_IBUF_BUFG
                         FDCE                                         r  state_reg_reg[0][104]/C

Slack:                    inf
  Source:                 key[233]
                            (input port)
  Destination:            state_reg_reg[0][105]/D
                            (rising edge-triggered cell FDCE clocked by clk  {rise@0.000ns fall@10.000ns period=20.000ns})
  Path Group:             (none)
  Path Type:              Hold (Min at Fast Process Corner)
  Data Path Delay:        0.536ns  (logic 0.191ns (35.648%)  route 0.345ns (64.352%))
  Logic Levels:           3  (IBUFCTRL=1 INBUF=1 LUT2=1)
  Clock Path Skew:        1.778ns (DCD - SCD - CPR)
    Destination Clock Delay (DCD):    1.778ns
    Source Clock Delay      (SCD):    0.000ns
    Clock Pessimism Removal (CPR):    -0.000ns

    Location             Delay type                Incr(ns)  Path(ns)    Netlist Resource(s)
  -------------------------------------------------------------------    -------------------
                                                      0.000     0.000 r  key[233] (IN)
                         net (fo=0)                   0.000     0.000    key_IBUF[233]_inst/I
                         INBUF (Prop_INBUF_PAD_O)     0.168     0.168 r  key_IBUF[233]_inst/INBUF_INST/O
                         net (fo=1, unplaced)         0.000     0.168    key_IBUF[233]_inst/OUT
                         IBUFCTRL (Prop_IBUFCTRL_I_O)
                                                      0.000     0.168 r  key_IBUF[233]_inst/IBUFCTRL_INST/O
                         net (fo=2, unplaced)         0.329     0.497    key_IBUF[233]
                         LUT2 (Prop_LUT2_I0_O)        0.023     0.520 r  state_reg[0][105]_i_1/O
                         net (fo=1, unplaced)         0.016     0.536    p_0_out[105]
                         FDCE                                         r  state_reg_reg[0][105]/D
  -------------------------------------------------------------------    -------------------

                         (clock clk rise edge)        0.000     0.000 r  
                                                      0.000     0.000 r  clk (IN)
                         net (fo=0)                   0.000     0.000    clk_IBUF_inst/I
                         INBUF (Prop_INBUF_PAD_O)     0.353     0.353 r  clk_IBUF_inst/INBUF_INST/O
                         net (fo=1, unplaced)         0.000     0.353    clk_IBUF_inst/OUT
                         IBUFCTRL (Prop_IBUFCTRL_I_O)
                                                      0.000     0.353 r  clk_IBUF_inst/IBUFCTRL_INST/O
                         net (fo=1, unplaced)         0.147     0.500    clk_IBUF
                         BUFGCE (Prop_BUFGCE_I_O)     0.019     0.519 r  clk_IBUF_BUFG_inst/O
                         net (fo=5391, unplaced)      1.259     1.778    clk_IBUF_BUFG
                         FDCE                                         r  state_reg_reg[0][105]/C

Slack:                    inf
  Source:                 key[234]
                            (input port)
  Destination:            state_reg_reg[0][106]/D
                            (rising edge-triggered cell FDCE clocked by clk  {rise@0.000ns fall@10.000ns period=20.000ns})
  Path Group:             (none)
  Path Type:              Hold (Min at Fast Process Corner)
  Data Path Delay:        0.536ns  (logic 0.191ns (35.648%)  route 0.345ns (64.352%))
  Logic Levels:           3  (IBUFCTRL=1 INBUF=1 LUT2=1)
  Clock Path Skew:        1.778ns (DCD - SCD - CPR)
    Destination Clock Delay (DCD):    1.778ns
    Source Clock Delay      (SCD):    0.000ns
    Clock Pessimism Removal (CPR):    -0.000ns

    Location             Delay type                Incr(ns)  Path(ns)    Netlist Resource(s)
  -------------------------------------------------------------------    -------------------
                                                      0.000     0.000 r  key[234] (IN)
                         net (fo=0)                   0.000     0.000    key_IBUF[234]_inst/I
                         INBUF (Prop_INBUF_PAD_O)     0.168     0.168 r  key_IBUF[234]_inst/INBUF_INST/O
                         net (fo=1, unplaced)         0.000     0.168    key_IBUF[234]_inst/OUT
                         IBUFCTRL (Prop_IBUFCTRL_I_O)
                                                      0.000     0.168 r  key_IBUF[234]_inst/IBUFCTRL_INST/O
                         net (fo=2, unplaced)         0.329     0.497    key_IBUF[234]
                         LUT2 (Prop_LUT2_I0_O)        0.023     0.520 r  state_reg[0][106]_i_1/O
                         net (fo=1, unplaced)         0.016     0.536    p_0_out[106]
                         FDCE                                         r  state_reg_reg[0][106]/D
  -------------------------------------------------------------------    -------------------

                         (clock clk rise edge)        0.000     0.000 r  
                                                      0.000     0.000 r  clk (IN)
                         net (fo=0)                   0.000     0.000    clk_IBUF_inst/I
                         INBUF (Prop_INBUF_PAD_O)     0.353     0.353 r  clk_IBUF_inst/INBUF_INST/O
                         net (fo=1, unplaced)         0.000     0.353    clk_IBUF_inst/OUT
                         IBUFCTRL (Prop_IBUFCTRL_I_O)
                                                      0.000     0.353 r  clk_IBUF_inst/IBUFCTRL_INST/O
                         net (fo=1, unplaced)         0.147     0.500    clk_IBUF
                         BUFGCE (Prop_BUFGCE_I_O)     0.019     0.519 r  clk_IBUF_BUFG_inst/O
                         net (fo=5391, unplaced)      1.259     1.778    clk_IBUF_BUFG
                         FDCE                                         r  state_reg_reg[0][106]/C

Slack:                    inf
  Source:                 key[235]
                            (input port)
  Destination:            state_reg_reg[0][107]/D
                            (rising edge-triggered cell FDCE clocked by clk  {rise@0.000ns fall@10.000ns period=20.000ns})
  Path Group:             (none)
  Path Type:              Hold (Min at Fast Process Corner)
  Data Path Delay:        0.536ns  (logic 0.191ns (35.648%)  route 0.345ns (64.352%))
  Logic Levels:           3  (IBUFCTRL=1 INBUF=1 LUT2=1)
  Clock Path Skew:        1.778ns (DCD - SCD - CPR)
    Destination Clock Delay (DCD):    1.778ns
    Source Clock Delay      (SCD):    0.000ns
    Clock Pessimism Removal (CPR):    -0.000ns

    Location             Delay type                Incr(ns)  Path(ns)    Netlist Resource(s)
  -------------------------------------------------------------------    -------------------
                                                      0.000     0.000 r  key[235] (IN)
                         net (fo=0)                   0.000     0.000    key_IBUF[235]_inst/I
                         INBUF (Prop_INBUF_PAD_O)     0.168     0.168 r  key_IBUF[235]_inst/INBUF_INST/O
                         net (fo=1, unplaced)         0.000     0.168    key_IBUF[235]_inst/OUT
                         IBUFCTRL (Prop_IBUFCTRL_I_O)
                                                      0.000     0.168 r  key_IBUF[235]_inst/IBUFCTRL_INST/O
                         net (fo=2, unplaced)         0.329     0.497    key_IBUF[235]
                         LUT2 (Prop_LUT2_I0_O)        0.023     0.520 r  state_reg[0][107]_i_1/O
                         net (fo=1, unplaced)         0.016     0.536    p_0_out[107]
                         FDCE                                         r  state_reg_reg[0][107]/D
  -------------------------------------------------------------------    -------------------

                         (clock clk rise edge)        0.000     0.000 r  
                                                      0.000     0.000 r  clk (IN)
                         net (fo=0)                   0.000     0.000    clk_IBUF_inst/I
                         INBUF (Prop_INBUF_PAD_O)     0.353     0.353 r  clk_IBUF_inst/INBUF_INST/O
                         net (fo=1, unplaced)         0.000     0.353    clk_IBUF_inst/OUT
                         IBUFCTRL (Prop_IBUFCTRL_I_O)
                                                      0.000     0.353 r  clk_IBUF_inst/IBUFCTRL_INST/O
                         net (fo=1, unplaced)         0.147     0.500    clk_IBUF
                         BUFGCE (Prop_BUFGCE_I_O)     0.019     0.519 r  clk_IBUF_BUFG_inst/O
                         net (fo=5391, unplaced)      1.259     1.778    clk_IBUF_BUFG
                         FDCE                                         r  state_reg_reg[0][107]/C

Slack:                    inf
  Source:                 key[236]
                            (input port)
  Destination:            state_reg_reg[0][108]/D
                            (rising edge-triggered cell FDCE clocked by clk  {rise@0.000ns fall@10.000ns period=20.000ns})
  Path Group:             (none)
  Path Type:              Hold (Min at Fast Process Corner)
  Data Path Delay:        0.536ns  (logic 0.191ns (35.648%)  route 0.345ns (64.352%))
  Logic Levels:           3  (IBUFCTRL=1 INBUF=1 LUT2=1)
  Clock Path Skew:        1.778ns (DCD - SCD - CPR)
    Destination Clock Delay (DCD):    1.778ns
    Source Clock Delay      (SCD):    0.000ns
    Clock Pessimism Removal (CPR):    -0.000ns

    Location             Delay type                Incr(ns)  Path(ns)    Netlist Resource(s)
  -------------------------------------------------------------------    -------------------
                                                      0.000     0.000 r  key[236] (IN)
                         net (fo=0)                   0.000     0.000    key_IBUF[236]_inst/I
                         INBUF (Prop_INBUF_PAD_O)     0.168     0.168 r  key_IBUF[236]_inst/INBUF_INST/O
                         net (fo=1, unplaced)         0.000     0.168    key_IBUF[236]_inst/OUT
                         IBUFCTRL (Prop_IBUFCTRL_I_O)
                                                      0.000     0.168 r  key_IBUF[236]_inst/IBUFCTRL_INST/O
                         net (fo=2, unplaced)         0.329     0.497    key_IBUF[236]
                         LUT2 (Prop_LUT2_I0_O)        0.023     0.520 r  state_reg[0][108]_i_1/O
                         net (fo=1, unplaced)         0.016     0.536    p_0_out[108]
                         FDCE                                         r  state_reg_reg[0][108]/D
  -------------------------------------------------------------------    -------------------

                         (clock clk rise edge)        0.000     0.000 r  
                                                      0.000     0.000 r  clk (IN)
                         net (fo=0)                   0.000     0.000    clk_IBUF_inst/I
                         INBUF (Prop_INBUF_PAD_O)     0.353     0.353 r  clk_IBUF_inst/INBUF_INST/O
                         net (fo=1, unplaced)         0.000     0.353    clk_IBUF_inst/OUT
                         IBUFCTRL (Prop_IBUFCTRL_I_O)
                                                      0.000     0.353 r  clk_IBUF_inst/IBUFCTRL_INST/O
                         net (fo=1, unplaced)         0.147     0.500    clk_IBUF
                         BUFGCE (Prop_BUFGCE_I_O)     0.019     0.519 r  clk_IBUF_BUFG_inst/O
                         net (fo=5391, unplaced)      1.259     1.778    clk_IBUF_BUFG
                         FDCE                                         r  state_reg_reg[0][108]/C

Slack:                    inf
  Source:                 key[237]
                            (input port)
  Destination:            state_reg_reg[0][109]/D
                            (rising edge-triggered cell FDCE clocked by clk  {rise@0.000ns fall@10.000ns period=20.000ns})
  Path Group:             (none)
  Path Type:              Hold (Min at Fast Process Corner)
  Data Path Delay:        0.536ns  (logic 0.191ns (35.648%)  route 0.345ns (64.352%))
  Logic Levels:           3  (IBUFCTRL=1 INBUF=1 LUT2=1)
  Clock Path Skew:        1.778ns (DCD - SCD - CPR)
    Destination Clock Delay (DCD):    1.778ns
    Source Clock Delay      (SCD):    0.000ns
    Clock Pessimism Removal (CPR):    -0.000ns

    Location             Delay type                Incr(ns)  Path(ns)    Netlist Resource(s)
  -------------------------------------------------------------------    -------------------
                                                      0.000     0.000 r  key[237] (IN)
                         net (fo=0)                   0.000     0.000    key_IBUF[237]_inst/I
                         INBUF (Prop_INBUF_PAD_O)     0.168     0.168 r  key_IBUF[237]_inst/INBUF_INST/O
                         net (fo=1, unplaced)         0.000     0.168    key_IBUF[237]_inst/OUT
                         IBUFCTRL (Prop_IBUFCTRL_I_O)
                                                      0.000     0.168 r  key_IBUF[237]_inst/IBUFCTRL_INST/O
                         net (fo=2, unplaced)         0.329     0.497    key_IBUF[237]
                         LUT2 (Prop_LUT2_I0_O)        0.023     0.520 r  state_reg[0][109]_i_1/O
                         net (fo=1, unplaced)         0.016     0.536    p_0_out[109]
                         FDCE                                         r  state_reg_reg[0][109]/D
  -------------------------------------------------------------------    -------------------

                         (clock clk rise edge)        0.000     0.000 r  
                                                      0.000     0.000 r  clk (IN)
                         net (fo=0)                   0.000     0.000    clk_IBUF_inst/I
                         INBUF (Prop_INBUF_PAD_O)     0.353     0.353 r  clk_IBUF_inst/INBUF_INST/O
                         net (fo=1, unplaced)         0.000     0.353    clk_IBUF_inst/OUT
                         IBUFCTRL (Prop_IBUFCTRL_I_O)
                                                      0.000     0.353 r  clk_IBUF_inst/IBUFCTRL_INST/O
                         net (fo=1, unplaced)         0.147     0.500    clk_IBUF
                         BUFGCE (Prop_BUFGCE_I_O)     0.019     0.519 r  clk_IBUF_BUFG_inst/O
                         net (fo=5391, unplaced)      1.259     1.778    clk_IBUF_BUFG
                         FDCE                                         r  state_reg_reg[0][109]/C

Slack:                    inf
  Source:                 key[138]
                            (input port)
  Destination:            state_reg_reg[0][10]/D
                            (rising edge-triggered cell FDCE clocked by clk  {rise@0.000ns fall@10.000ns period=20.000ns})
  Path Group:             (none)
  Path Type:              Hold (Min at Fast Process Corner)
  Data Path Delay:        0.536ns  (logic 0.191ns (35.648%)  route 0.345ns (64.352%))
  Logic Levels:           3  (IBUFCTRL=1 INBUF=1 LUT2=1)
  Clock Path Skew:        1.778ns (DCD - SCD - CPR)
    Destination Clock Delay (DCD):    1.778ns
    Source Clock Delay      (SCD):    0.000ns
    Clock Pessimism Removal (CPR):    -0.000ns

    Location             Delay type                Incr(ns)  Path(ns)    Netlist Resource(s)
  -------------------------------------------------------------------    -------------------
                                                      0.000     0.000 r  key[138] (IN)
                         net (fo=0)                   0.000     0.000    key_IBUF[138]_inst/I
                         INBUF (Prop_INBUF_PAD_O)     0.168     0.168 r  key_IBUF[138]_inst/INBUF_INST/O
                         net (fo=1, unplaced)         0.000     0.168    key_IBUF[138]_inst/OUT
                         IBUFCTRL (Prop_IBUFCTRL_I_O)
                                                      0.000     0.168 r  key_IBUF[138]_inst/IBUFCTRL_INST/O
                         net (fo=2, unplaced)         0.329     0.497    key_IBUF[138]
                         LUT2 (Prop_LUT2_I0_O)        0.023     0.520 r  state_reg[0][10]_i_1/O
                         net (fo=1, unplaced)         0.016     0.536    p_0_out[10]
                         FDCE                                         r  state_reg_reg[0][10]/D
  -------------------------------------------------------------------    -------------------

                         (clock clk rise edge)        0.000     0.000 r  
                                                      0.000     0.000 r  clk (IN)
                         net (fo=0)                   0.000     0.000    clk_IBUF_inst/I
                         INBUF (Prop_INBUF_PAD_O)     0.353     0.353 r  clk_IBUF_inst/INBUF_INST/O
                         net (fo=1, unplaced)         0.000     0.353    clk_IBUF_inst/OUT
                         IBUFCTRL (Prop_IBUFCTRL_I_O)
                                                      0.000     0.353 r  clk_IBUF_inst/IBUFCTRL_INST/O
                         net (fo=1, unplaced)         0.147     0.500    clk_IBUF
                         BUFGCE (Prop_BUFGCE_I_O)     0.019     0.519 r  clk_IBUF_BUFG_inst/O
                         net (fo=5391, unplaced)      1.259     1.778    clk_IBUF_BUFG
                         FDCE                                         r  state_reg_reg[0][10]/C

Slack:                    inf
  Source:                 key[238]
                            (input port)
  Destination:            state_reg_reg[0][110]/D
                            (rising edge-triggered cell FDCE clocked by clk  {rise@0.000ns fall@10.000ns period=20.000ns})
  Path Group:             (none)
  Path Type:              Hold (Min at Fast Process Corner)
  Data Path Delay:        0.536ns  (logic 0.191ns (35.648%)  route 0.345ns (64.352%))
  Logic Levels:           3  (IBUFCTRL=1 INBUF=1 LUT2=1)
  Clock Path Skew:        1.778ns (DCD - SCD - CPR)
    Destination Clock Delay (DCD):    1.778ns
    Source Clock Delay      (SCD):    0.000ns
    Clock Pessimism Removal (CPR):    -0.000ns

    Location             Delay type                Incr(ns)  Path(ns)    Netlist Resource(s)
  -------------------------------------------------------------------    -------------------
                                                      0.000     0.000 r  key[238] (IN)
                         net (fo=0)                   0.000     0.000    key_IBUF[238]_inst/I
                         INBUF (Prop_INBUF_PAD_O)     0.168     0.168 r  key_IBUF[238]_inst/INBUF_INST/O
                         net (fo=1, unplaced)         0.000     0.168    key_IBUF[238]_inst/OUT
                         IBUFCTRL (Prop_IBUFCTRL_I_O)
                                                      0.000     0.168 r  key_IBUF[238]_inst/IBUFCTRL_INST/O
                         net (fo=2, unplaced)         0.329     0.497    key_IBUF[238]
                         LUT2 (Prop_LUT2_I0_O)        0.023     0.520 r  state_reg[0][110]_i_1/O
                         net (fo=1, unplaced)         0.016     0.536    p_0_out[110]
                         FDCE                                         r  state_reg_reg[0][110]/D
  -------------------------------------------------------------------    -------------------

                         (clock clk rise edge)        0.000     0.000 r  
                                                      0.000     0.000 r  clk (IN)
                         net (fo=0)                   0.000     0.000    clk_IBUF_inst/I
                         INBUF (Prop_INBUF_PAD_O)     0.353     0.353 r  clk_IBUF_inst/INBUF_INST/O
                         net (fo=1, unplaced)         0.000     0.353    clk_IBUF_inst/OUT
                         IBUFCTRL (Prop_IBUFCTRL_I_O)
                                                      0.000     0.353 r  clk_IBUF_inst/IBUFCTRL_INST/O
                         net (fo=1, unplaced)         0.147     0.500    clk_IBUF
                         BUFGCE (Prop_BUFGCE_I_O)     0.019     0.519 r  clk_IBUF_BUFG_inst/O
                         net (fo=5391, unplaced)      1.259     1.778    clk_IBUF_BUFG
                         FDCE                                         r  state_reg_reg[0][110]/C

Slack:                    inf
  Source:                 key[239]
                            (input port)
  Destination:            state_reg_reg[0][111]/D
                            (rising edge-triggered cell FDCE clocked by clk  {rise@0.000ns fall@10.000ns period=20.000ns})
  Path Group:             (none)
  Path Type:              Hold (Min at Fast Process Corner)
  Data Path Delay:        0.536ns  (logic 0.191ns (35.648%)  route 0.345ns (64.352%))
  Logic Levels:           3  (IBUFCTRL=1 INBUF=1 LUT2=1)
  Clock Path Skew:        1.778ns (DCD - SCD - CPR)
    Destination Clock Delay (DCD):    1.778ns
    Source Clock Delay      (SCD):    0.000ns
    Clock Pessimism Removal (CPR):    -0.000ns

    Location             Delay type                Incr(ns)  Path(ns)    Netlist Resource(s)
  -------------------------------------------------------------------    -------------------
                                                      0.000     0.000 r  key[239] (IN)
                         net (fo=0)                   0.000     0.000    key_IBUF[239]_inst/I
                         INBUF (Prop_INBUF_PAD_O)     0.168     0.168 r  key_IBUF[239]_inst/INBUF_INST/O
                         net (fo=1, unplaced)         0.000     0.168    key_IBUF[239]_inst/OUT
                         IBUFCTRL (Prop_IBUFCTRL_I_O)
                                                      0.000     0.168 r  key_IBUF[239]_inst/IBUFCTRL_INST/O
                         net (fo=2, unplaced)         0.329     0.497    key_IBUF[239]
                         LUT2 (Prop_LUT2_I0_O)        0.023     0.520 r  state_reg[0][111]_i_1/O
                         net (fo=1, unplaced)         0.016     0.536    p_0_out[111]
                         FDCE                                         r  state_reg_reg[0][111]/D
  -------------------------------------------------------------------    -------------------

                         (clock clk rise edge)        0.000     0.000 r  
                                                      0.000     0.000 r  clk (IN)
                         net (fo=0)                   0.000     0.000    clk_IBUF_inst/I
                         INBUF (Prop_INBUF_PAD_O)     0.353     0.353 r  clk_IBUF_inst/INBUF_INST/O
                         net (fo=1, unplaced)         0.000     0.353    clk_IBUF_inst/OUT
                         IBUFCTRL (Prop_IBUFCTRL_I_O)
                                                      0.000     0.353 r  clk_IBUF_inst/IBUFCTRL_INST/O
                         net (fo=1, unplaced)         0.147     0.500    clk_IBUF
                         BUFGCE (Prop_BUFGCE_I_O)     0.019     0.519 r  clk_IBUF_BUFG_inst/O
                         net (fo=5391, unplaced)      1.259     1.778    clk_IBUF_BUFG
                         FDCE                                         r  state_reg_reg[0][111]/C

Slack:                    inf
  Source:                 key[240]
                            (input port)
  Destination:            state_reg_reg[0][112]/D
                            (rising edge-triggered cell FDCE clocked by clk  {rise@0.000ns fall@10.000ns period=20.000ns})
  Path Group:             (none)
  Path Type:              Hold (Min at Fast Process Corner)
  Data Path Delay:        0.536ns  (logic 0.191ns (35.648%)  route 0.345ns (64.352%))
  Logic Levels:           3  (IBUFCTRL=1 INBUF=1 LUT2=1)
  Clock Path Skew:        1.778ns (DCD - SCD - CPR)
    Destination Clock Delay (DCD):    1.778ns
    Source Clock Delay      (SCD):    0.000ns
    Clock Pessimism Removal (CPR):    -0.000ns

    Location             Delay type                Incr(ns)  Path(ns)    Netlist Resource(s)
  -------------------------------------------------------------------    -------------------
                                                      0.000     0.000 r  key[240] (IN)
                         net (fo=0)                   0.000     0.000    key_IBUF[240]_inst/I
                         INBUF (Prop_INBUF_PAD_O)     0.168     0.168 r  key_IBUF[240]_inst/INBUF_INST/O
                         net (fo=1, unplaced)         0.000     0.168    key_IBUF[240]_inst/OUT
                         IBUFCTRL (Prop_IBUFCTRL_I_O)
                                                      0.000     0.168 r  key_IBUF[240]_inst/IBUFCTRL_INST/O
                         net (fo=2, unplaced)         0.329     0.497    key_IBUF[240]
                         LUT2 (Prop_LUT2_I0_O)        0.023     0.520 r  state_reg[0][112]_i_1/O
                         net (fo=1, unplaced)         0.016     0.536    p_0_out[112]
                         FDCE                                         r  state_reg_reg[0][112]/D
  -------------------------------------------------------------------    -------------------

                         (clock clk rise edge)        0.000     0.000 r  
                                                      0.000     0.000 r  clk (IN)
                         net (fo=0)                   0.000     0.000    clk_IBUF_inst/I
                         INBUF (Prop_INBUF_PAD_O)     0.353     0.353 r  clk_IBUF_inst/INBUF_INST/O
                         net (fo=1, unplaced)         0.000     0.353    clk_IBUF_inst/OUT
                         IBUFCTRL (Prop_IBUFCTRL_I_O)
                                                      0.000     0.353 r  clk_IBUF_inst/IBUFCTRL_INST/O
                         net (fo=1, unplaced)         0.147     0.500    clk_IBUF
                         BUFGCE (Prop_BUFGCE_I_O)     0.019     0.519 r  clk_IBUF_BUFG_inst/O
                         net (fo=5391, unplaced)      1.259     1.778    clk_IBUF_BUFG
                         FDCE                                         r  state_reg_reg[0][112]/C

Slack:                    inf
  Source:                 key[241]
                            (input port)
  Destination:            state_reg_reg[0][113]/D
                            (rising edge-triggered cell FDCE clocked by clk  {rise@0.000ns fall@10.000ns period=20.000ns})
  Path Group:             (none)
  Path Type:              Hold (Min at Fast Process Corner)
  Data Path Delay:        0.536ns  (logic 0.191ns (35.648%)  route 0.345ns (64.352%))
  Logic Levels:           3  (IBUFCTRL=1 INBUF=1 LUT2=1)
  Clock Path Skew:        1.778ns (DCD - SCD - CPR)
    Destination Clock Delay (DCD):    1.778ns
    Source Clock Delay      (SCD):    0.000ns
    Clock Pessimism Removal (CPR):    -0.000ns

    Location             Delay type                Incr(ns)  Path(ns)    Netlist Resource(s)
  -------------------------------------------------------------------    -------------------
                                                      0.000     0.000 r  key[241] (IN)
                         net (fo=0)                   0.000     0.000    key_IBUF[241]_inst/I
                         INBUF (Prop_INBUF_PAD_O)     0.168     0.168 r  key_IBUF[241]_inst/INBUF_INST/O
                         net (fo=1, unplaced)         0.000     0.168    key_IBUF[241]_inst/OUT
                         IBUFCTRL (Prop_IBUFCTRL_I_O)
                                                      0.000     0.168 r  key_IBUF[241]_inst/IBUFCTRL_INST/O
                         net (fo=2, unplaced)         0.329     0.497    key_IBUF[241]
                         LUT2 (Prop_LUT2_I0_O)        0.023     0.520 r  state_reg[0][113]_i_1/O
                         net (fo=1, unplaced)         0.016     0.536    p_0_out[113]
                         FDCE                                         r  state_reg_reg[0][113]/D
  -------------------------------------------------------------------    -------------------

                         (clock clk rise edge)        0.000     0.000 r  
                                                      0.000     0.000 r  clk (IN)
                         net (fo=0)                   0.000     0.000    clk_IBUF_inst/I
                         INBUF (Prop_INBUF_PAD_O)     0.353     0.353 r  clk_IBUF_inst/INBUF_INST/O
                         net (fo=1, unplaced)         0.000     0.353    clk_IBUF_inst/OUT
                         IBUFCTRL (Prop_IBUFCTRL_I_O)
                                                      0.000     0.353 r  clk_IBUF_inst/IBUFCTRL_INST/O
                         net (fo=1, unplaced)         0.147     0.500    clk_IBUF
                         BUFGCE (Prop_BUFGCE_I_O)     0.019     0.519 r  clk_IBUF_BUFG_inst/O
                         net (fo=5391, unplaced)      1.259     1.778    clk_IBUF_BUFG
                         FDCE                                         r  state_reg_reg[0][113]/C

Slack:                    inf
  Source:                 key[242]
                            (input port)
  Destination:            state_reg_reg[0][114]/D
                            (rising edge-triggered cell FDCE clocked by clk  {rise@0.000ns fall@10.000ns period=20.000ns})
  Path Group:             (none)
  Path Type:              Hold (Min at Fast Process Corner)
  Data Path Delay:        0.536ns  (logic 0.191ns (35.648%)  route 0.345ns (64.352%))
  Logic Levels:           3  (IBUFCTRL=1 INBUF=1 LUT2=1)
  Clock Path Skew:        1.778ns (DCD - SCD - CPR)
    Destination Clock Delay (DCD):    1.778ns
    Source Clock Delay      (SCD):    0.000ns
    Clock Pessimism Removal (CPR):    -0.000ns

    Location             Delay type                Incr(ns)  Path(ns)    Netlist Resource(s)
  -------------------------------------------------------------------    -------------------
                                                      0.000     0.000 r  key[242] (IN)
                         net (fo=0)                   0.000     0.000    key_IBUF[242]_inst/I
                         INBUF (Prop_INBUF_PAD_O)     0.168     0.168 r  key_IBUF[242]_inst/INBUF_INST/O
                         net (fo=1, unplaced)         0.000     0.168    key_IBUF[242]_inst/OUT
                         IBUFCTRL (Prop_IBUFCTRL_I_O)
                                                      0.000     0.168 r  key_IBUF[242]_inst/IBUFCTRL_INST/O
                         net (fo=2, unplaced)         0.329     0.497    key_IBUF[242]
                         LUT2 (Prop_LUT2_I0_O)        0.023     0.520 r  state_reg[0][114]_i_1/O
                         net (fo=1, unplaced)         0.016     0.536    p_0_out[114]
                         FDCE                                         r  state_reg_reg[0][114]/D
  -------------------------------------------------------------------    -------------------

                         (clock clk rise edge)        0.000     0.000 r  
                                                      0.000     0.000 r  clk (IN)
                         net (fo=0)                   0.000     0.000    clk_IBUF_inst/I
                         INBUF (Prop_INBUF_PAD_O)     0.353     0.353 r  clk_IBUF_inst/INBUF_INST/O
                         net (fo=1, unplaced)         0.000     0.353    clk_IBUF_inst/OUT
                         IBUFCTRL (Prop_IBUFCTRL_I_O)
                                                      0.000     0.353 r  clk_IBUF_inst/IBUFCTRL_INST/O
                         net (fo=1, unplaced)         0.147     0.500    clk_IBUF
                         BUFGCE (Prop_BUFGCE_I_O)     0.019     0.519 r  clk_IBUF_BUFG_inst/O
                         net (fo=5391, unplaced)      1.259     1.778    clk_IBUF_BUFG
                         FDCE                                         r  state_reg_reg[0][114]/C

Slack:                    inf
  Source:                 key[243]
                            (input port)
  Destination:            state_reg_reg[0][115]/D
                            (rising edge-triggered cell FDCE clocked by clk  {rise@0.000ns fall@10.000ns period=20.000ns})
  Path Group:             (none)
  Path Type:              Hold (Min at Fast Process Corner)
  Data Path Delay:        0.536ns  (logic 0.191ns (35.648%)  route 0.345ns (64.352%))
  Logic Levels:           3  (IBUFCTRL=1 INBUF=1 LUT2=1)
  Clock Path Skew:        1.778ns (DCD - SCD - CPR)
    Destination Clock Delay (DCD):    1.778ns
    Source Clock Delay      (SCD):    0.000ns
    Clock Pessimism Removal (CPR):    -0.000ns

    Location             Delay type                Incr(ns)  Path(ns)    Netlist Resource(s)
  -------------------------------------------------------------------    -------------------
                                                      0.000     0.000 r  key[243] (IN)
                         net (fo=0)                   0.000     0.000    key_IBUF[243]_inst/I
                         INBUF (Prop_INBUF_PAD_O)     0.168     0.168 r  key_IBUF[243]_inst/INBUF_INST/O
                         net (fo=1, unplaced)         0.000     0.168    key_IBUF[243]_inst/OUT
                         IBUFCTRL (Prop_IBUFCTRL_I_O)
                                                      0.000     0.168 r  key_IBUF[243]_inst/IBUFCTRL_INST/O
                         net (fo=2, unplaced)         0.329     0.497    key_IBUF[243]
                         LUT2 (Prop_LUT2_I0_O)        0.023     0.520 r  state_reg[0][115]_i_1/O
                         net (fo=1, unplaced)         0.016     0.536    p_0_out[115]
                         FDCE                                         r  state_reg_reg[0][115]/D
  -------------------------------------------------------------------    -------------------

                         (clock clk rise edge)        0.000     0.000 r  
                                                      0.000     0.000 r  clk (IN)
                         net (fo=0)                   0.000     0.000    clk_IBUF_inst/I
                         INBUF (Prop_INBUF_PAD_O)     0.353     0.353 r  clk_IBUF_inst/INBUF_INST/O
                         net (fo=1, unplaced)         0.000     0.353    clk_IBUF_inst/OUT
                         IBUFCTRL (Prop_IBUFCTRL_I_O)
                                                      0.000     0.353 r  clk_IBUF_inst/IBUFCTRL_INST/O
                         net (fo=1, unplaced)         0.147     0.500    clk_IBUF
                         BUFGCE (Prop_BUFGCE_I_O)     0.019     0.519 r  clk_IBUF_BUFG_inst/O
                         net (fo=5391, unplaced)      1.259     1.778    clk_IBUF_BUFG
                         FDCE                                         r  state_reg_reg[0][115]/C

Slack:                    inf
  Source:                 key[244]
                            (input port)
  Destination:            state_reg_reg[0][116]/D
                            (rising edge-triggered cell FDCE clocked by clk  {rise@0.000ns fall@10.000ns period=20.000ns})
  Path Group:             (none)
  Path Type:              Hold (Min at Fast Process Corner)
  Data Path Delay:        0.536ns  (logic 0.191ns (35.648%)  route 0.345ns (64.352%))
  Logic Levels:           3  (IBUFCTRL=1 INBUF=1 LUT2=1)
  Clock Path Skew:        1.778ns (DCD - SCD - CPR)
    Destination Clock Delay (DCD):    1.778ns
    Source Clock Delay      (SCD):    0.000ns
    Clock Pessimism Removal (CPR):    -0.000ns

    Location             Delay type                Incr(ns)  Path(ns)    Netlist Resource(s)
  -------------------------------------------------------------------    -------------------
                                                      0.000     0.000 r  key[244] (IN)
                         net (fo=0)                   0.000     0.000    key_IBUF[244]_inst/I
                         INBUF (Prop_INBUF_PAD_O)     0.168     0.168 r  key_IBUF[244]_inst/INBUF_INST/O
                         net (fo=1, unplaced)         0.000     0.168    key_IBUF[244]_inst/OUT
                         IBUFCTRL (Prop_IBUFCTRL_I_O)
                                                      0.000     0.168 r  key_IBUF[244]_inst/IBUFCTRL_INST/O
                         net (fo=2, unplaced)         0.329     0.497    key_IBUF[244]
                         LUT2 (Prop_LUT2_I0_O)        0.023     0.520 r  state_reg[0][116]_i_1/O
                         net (fo=1, unplaced)         0.016     0.536    p_0_out[116]
                         FDCE                                         r  state_reg_reg[0][116]/D
  -------------------------------------------------------------------    -------------------

                         (clock clk rise edge)        0.000     0.000 r  
                                                      0.000     0.000 r  clk (IN)
                         net (fo=0)                   0.000     0.000    clk_IBUF_inst/I
                         INBUF (Prop_INBUF_PAD_O)     0.353     0.353 r  clk_IBUF_inst/INBUF_INST/O
                         net (fo=1, unplaced)         0.000     0.353    clk_IBUF_inst/OUT
                         IBUFCTRL (Prop_IBUFCTRL_I_O)
                                                      0.000     0.353 r  clk_IBUF_inst/IBUFCTRL_INST/O
                         net (fo=1, unplaced)         0.147     0.500    clk_IBUF
                         BUFGCE (Prop_BUFGCE_I_O)     0.019     0.519 r  clk_IBUF_BUFG_inst/O
                         net (fo=5391, unplaced)      1.259     1.778    clk_IBUF_BUFG
                         FDCE                                         r  state_reg_reg[0][116]/C

Slack:                    inf
  Source:                 key[245]
                            (input port)
  Destination:            state_reg_reg[0][117]/D
                            (rising edge-triggered cell FDCE clocked by clk  {rise@0.000ns fall@10.000ns period=20.000ns})
  Path Group:             (none)
  Path Type:              Hold (Min at Fast Process Corner)
  Data Path Delay:        0.536ns  (logic 0.191ns (35.648%)  route 0.345ns (64.352%))
  Logic Levels:           3  (IBUFCTRL=1 INBUF=1 LUT2=1)
  Clock Path Skew:        1.778ns (DCD - SCD - CPR)
    Destination Clock Delay (DCD):    1.778ns
    Source Clock Delay      (SCD):    0.000ns
    Clock Pessimism Removal (CPR):    -0.000ns

    Location             Delay type                Incr(ns)  Path(ns)    Netlist Resource(s)
  -------------------------------------------------------------------    -------------------
                                                      0.000     0.000 r  key[245] (IN)
                         net (fo=0)                   0.000     0.000    key_IBUF[245]_inst/I
                         INBUF (Prop_INBUF_PAD_O)     0.168     0.168 r  key_IBUF[245]_inst/INBUF_INST/O
                         net (fo=1, unplaced)         0.000     0.168    key_IBUF[245]_inst/OUT
                         IBUFCTRL (Prop_IBUFCTRL_I_O)
                                                      0.000     0.168 r  key_IBUF[245]_inst/IBUFCTRL_INST/O
                         net (fo=2, unplaced)         0.329     0.497    key_IBUF[245]
                         LUT2 (Prop_LUT2_I0_O)        0.023     0.520 r  state_reg[0][117]_i_1/O
                         net (fo=1, unplaced)         0.016     0.536    p_0_out[117]
                         FDCE                                         r  state_reg_reg[0][117]/D
  -------------------------------------------------------------------    -------------------

                         (clock clk rise edge)        0.000     0.000 r  
                                                      0.000     0.000 r  clk (IN)
                         net (fo=0)                   0.000     0.000    clk_IBUF_inst/I
                         INBUF (Prop_INBUF_PAD_O)     0.353     0.353 r  clk_IBUF_inst/INBUF_INST/O
                         net (fo=1, unplaced)         0.000     0.353    clk_IBUF_inst/OUT
                         IBUFCTRL (Prop_IBUFCTRL_I_O)
                                                      0.000     0.353 r  clk_IBUF_inst/IBUFCTRL_INST/O
                         net (fo=1, unplaced)         0.147     0.500    clk_IBUF
                         BUFGCE (Prop_BUFGCE_I_O)     0.019     0.519 r  clk_IBUF_BUFG_inst/O
                         net (fo=5391, unplaced)      1.259     1.778    clk_IBUF_BUFG
                         FDCE                                         r  state_reg_reg[0][117]/C





